Country,2010,2009,2008,2007,2006,2005,2004,2003,2002,2001,2000,1999,1998,1997,1996,1995,1994,1993,1992,1991,1990,1989,1988,1987,1986,1985,1984,1983,1982,1981,1980,1979,1978,1977,1976,1975,1974,1973,1972,1971,1970,1969,1968,1967,1966,1965,1964,1963,1962,1961,1960
Afghanistan,0.290025,0.235439,0.145284,0.0755688,0.0522196,0.0408578,0.0305346,0.0252228,0.0161856,0.0302323,0.0379246,0.0416474,0.0541676,0.0586065,0.0651148,0.072147,0.08008,0.0906159,0.103278,0.197713,0.228187,0.247511,0.260374,0.282406,0.279035,0.304391,0.238812,0.206086,0.166306,0.15303,0.133543,0.169006,0.163631,0.183428,0.155192,0.169447,0.156258,0.13698,0.131635,0.167426,0.151798,0.0878369,0.117027,0.125559,0.109385,0.103269,0.0879576,0.0757782,0.0754115,0.0548808,0.0472248
Albania,1.49932,1.3451,1.41767,1.37908,1.30222,1.42135,1.38186,1.41547,1.22937,1.05195,0.978175,0.960164,0.560271,0.490365,0.636625,0.654537,0.601347,0.726063,0.735198,1.21568,2.27839,2.78324,2.3316,2.41406,2.66536,2.65802,2.69429,2.68324,2.62486,2.69302,1.93506,2.89821,2.53063,2.27588,2.01358,1.91063,1.84901,2.3039,2.51591,1.9895,1.75324,1.55897,1.51955,1.36375,1.33306,1.1661,1.11174,1.18168,1.43996,1.37419,1.25819
Algeria,3.33151,3.42427,3.20835,3.2008,3.01279,3.15444,2.67452,2.80374,2.78923,2.62186,2.77215,2.94532,3.47432,2.90637,3.23559,3.23014,3.00321,2.92904,2.98752,3.02892,3.00672,3.12969,3.37076,3.47238,3.24041,3.18575,3.21,2.45301,1.89102,2.30994,3.41559,2.41577,3.41123,2.35234,2.26272,1.90283,1.94853,2.40423,1.8276,1.23648,1.02615,0.78926,0.65249,0.62545,0.642421,0.516552,0.454132,0.447181,0.478617,0.524643,0.546258
Angola,1.55597,1.47074,1.45223,1.41999,1.3004,1.15788,1.1763,0.58782,0.850822,0.67654,0.685212,0.677726,0.556294,0.577081,0.842542,0.90971,0.331307,0.510123,0.401602,0.409979,0.428663,0.498364,0.523587,0.608289,0.500045,0.518676,0.570206,0.602538,0.567729,0.668257,0.700064,0.743886,0.753363,0.505753,0.482561,0.665157,0.752617,0.771901,0.729145,0.563761,0.604353,0.479076,0.292571,0.176836,0.281329,0.21865,0.229364,0.21953,0.229273,0.0899221,0.110763
Antigua and Barbuda,5.88516,5.77882,5.3706,5.25738,5.09629,4.97431,4.981,4.80448,4.53621,4.36481,4.43924,4.58128,4.4969,4.67056,4.59386,4.7213,4.68362,4.74854,4.62465,4.70038,4.85727,4.61578,4.57364,4.33219,3.8597,3.79283,2.19374,1.24108,4.25468,1.52463,2.0343,5.76924,6.96911,6.63186,5.78043,10.2195,6.2492,4.85538,5.56557,6.41219,7.06821,19.559,15.6719,9.10806,5.72799,2.52036,1.56709,1.47018,1.82337,0.860441,0.670617
Arab World,4.60441,4.48077,4.44294,4.22537,4.34822,4.26159,4.14493,3.85252,3.60899,3.62386,3.77468,3.38437,3.3993,3.20229,3.3935,3.49804,3.75505,3.73195,3.49618,3.29174,3.2067,3.27118,3.30353,3.20098,3.28308,3.05711,2.97323,2.80484,2.70889,2.91205,3.07133,2.84193,2.74034,2.6269,2.56223,2.17707,2.264,2.38478,2.09736,1.97981,1.78711,1.77408,1.53043,1.31819,1.25954,1.1537,0.988815,0.865748,0.752852,0.677902,0.63679
Argentina,4.47096,4.48832,4.79021,4.58709,4.4689,4.16458,4.07662,3.50607,3.27596,3.55835,3.8229,3.98439,3.81269,3.77347,3.66429,3.51813,3.58584,3.49241,3.62304,3.53804,3.45177,3.63971,3.83037,3.67761,3.38391,3.3156,3.56423,3.57439,3.56769,3.57412,3.86689,3.9963,3.76063,3.74831,3.76782,3.64134,3.7264,3.7305,3.63744,3.64945,3.45037,3.27492,2.96883,2.85701,2.7914,2.64048,2.53722,2.31539,2.52149,2.4419,2.36691
Australia,16.9337,18.214,18.2423,18.1123,17.9349,17.7832,17.3275,17.4149,17.3525,16.7341,17.209,17.1998,18.5406,18.0172,17.9815,17.0116,17.0237,17.1006,16.8309,16.2885,16.8374,16.5199,15.7962,15.747,14.9806,15.3084,15.221,14.6401,15.4249,15.4325,15.0249,14.1291,14.0699,13.2319,12.4168,12.6599,12.5597,12.7797,11.9516,11.8091,11.8029,11.6006,11.2102,10.9556,10.3281,10.6223,9.75907,9.22644,8.83569,8.64157,8.58294
Austria,7.97365,7.44291,8.18869,8.32948,8.65501,9.02284,8.7942,8.90446,8.31227,8.17134,7.95048,7.98247,8.21959,8.01968,7.91866,7.7665,7.69938,7.62517,7.72152,8.45952,7.90918,7.10245,7.03203,7.62342,7.1443,7.23077,7.21428,6.87437,7.11212,7.41616,6.92848,8.15885,7.60137,7.42806,7.72125,7.17684,7.5627,7.93087,7.44852,6.95365,6.78881,6.00633,5.71111,5.41774,5.36172,5.2522,5.391,5.15519,4.75536,4.49636,4.37332
Bahamas The,6.83561,4.63428,3.00022,4.52413,4.53428,4.85831,5.34581,4.80996,5.1023,5.1797,5.60347,5.7109,5.79281,4.75561,5.88162,6.01019,6.11566,6.27612,6.73876,6.82554,7.61044,7.7311,6.22065,5.84558,5.90376,6.43761,8.06691,8.95645,10.2715,13.0062,37.9303,33.6376,32.7919,49.2981,33.5135,43.7014,39.9196,43.3803,36.496,38.7228,15.2001,10.627,10.287,11.1735,7.46608,9.39995,8.1186,5.5582,5.99643,4.7467,3.74983
Bahrain,19.3384,20.284,21.7745,21.6961,20.5031,21.8385,21.3404,21.3306,21.4301,19.9317,27.8987,28.1156,29.8034,28.991,26.9476,28.4199,27.7778,28.2635,20.2588,22.5714,23.9639,24.3963,26.1437,25.4563,25.4031,24.3053,22.6113,20.7562,25.4918,22.7886,21.9163,23.7244,24.0075,24.6332,23.164,21.5741,21.4372,23.0239,16.036,13.7674,12.1659,6.16291,5.49266,5.12101,3.38436,6.55702,8.74748,6.71416,9.19361,10.5474,3.54286
Barbados,5.36195,5.82239,5.89078,5.16316,4.98852,4.9462,4.75543,4.68455,4.55783,4.55136,4.44668,4.54553,4.29754,3.40915,3.22393,3.14913,2.85042,4.25949,3.75183,4.63704,4.14301,3.83098,3.67416,3.67415,3.58876,3.33031,2.95454,2.72137,2.57354,2.74626,2.7121,2.42402,2.54743,2.38892,2.15674,2.31368,2.01011,1.9771,2.08139,2.01799,1.79803,2.02111,1.85673,1.42669,1.13459,0.872746,0.766311,0.816564,1.11975,0.83917,0.746558
Belgium,9.97654,9.65074,9.6996,9.71372,10.1284,10.3568,10.6785,11.0673,10.4068,11.1569,11.2873,11.3279,11.6813,11.4225,11.778,11.1452,11.2012,10.8012,11.386,11.7526,10.8825,10.8135,10.1351,10.4472,10.4308,10.5948,10.6962,10.3113,11.9267,12.5788,13.7226,14.2392,13.8071,12.8754,13.2417,12.4583,13.837,14.2555,13.4727,12.5634,13.0102,12.8154,12.3257,11.2173,11.042,11.1417,11.0537,11.3869,10.6412,10.1039,9.94159
Belize,1.36653,1.37657,1.38663,1.4863,1.45899,1.45644,1.43891,1.4478,1.42738,2.90132,2.88951,2.59375,1.64547,1.77909,1.4504,1.82498,1.84847,1.90354,1.82509,1.87788,1.66191,1.63984,1.39378,1.30476,1.21118,1.15625,1.07488,1.10608,1.13763,1.24249,1.32281,1.47917,1.55681,1.44548,1.30242,1.32084,1.17294,1.13447,1.24014,1.14601,0.99044,1.13767,0.884673,1.07375,0.7378,0.794763,0.818289,0.622357,0.715409,0.387219,0.477951
Benin,0.545627,0.514686,0.500605,0.516729,0.459044,0.293096,0.317047,0.302806,0.276951,0.242255,0.232704,0.231755,0.185409,0.191383,0.204833,0.221772,0.218621,0.202977,0.16841,0.159911,0.142977,0.132691,0.119745,0.118573,0.156999,0.173631,0.123291,0.114216,0.127788,0.112249,0.139065,0.10134,0.103039,0.0865397,0.077823,0.135983,0.127816,0.122623,0.127892,0.0987099,0.097105,0.0708499,0.0552308,0.0523196,0.0423949,0.0571149,0.055295,0.0475797,0.0542015,0.0520458,0.0663541
Bermuda,7.32004,7.09533,5.95502,7.9683,8.07021,6.91628,10.5281,8.04916,8.33515,7.92021,8.00616,8.07775,7.58154,7.87989,7.92812,7.79481,7.97443,8.15442,6.94662,8.63613,10.0752,13.3366,11.1241,9.9521,7.41299,7.92719,7.86394,8.06438,7.14235,7.06089,7.98195,8.58814,7.93604,8.51513,8.82286,8.64858,8.30912,7.90654,4.66832,4.23115,4.13371,3.667,4.22051,4.09012,3.95461,3.58649,4.12444,3.15193,3.38371,3.86848,3.55137
Bolivia,1.52181,1.44171,1.40056,1.31841,1.56661,1.3175,1.42408,1.56696,1.08185,1.13321,1.20345,1.23902,1.26699,1.23359,1.11885,1.23428,1.19338,1.1022,0.933314,0.830733,0.810146,0.752669,0.664777,0.636534,0.610728,0.682924,0.684906,0.744514,0.772707,0.87187,0.869469,0.903503,0.981617,0.895862,0.937718,0.851346,0.755715,0.761637,0.80639,0.708566,0.589538,0.619011,0.54173,0.481719,0.440442,0.402769,0.404046,0.338592,0.313828,0.303777,0.299648
Brazil,2.15027,1.89749,2.02161,1.91168,1.84798,1.86582,1.83591,1.76955,1.85217,1.90675,1.87951,1.8614,1.84271,1.80049,1.73234,1.59581,1.51885,1.46957,1.42761,1.44151,1.39585,1.45517,1.44936,1.46388,1.43058,1.33053,1.26576,1.27731,1.35014,1.37874,1.5368,1.58355,1.52311,1.43635,1.40021,1.39683,1.35729,1.2832,1.13441,1.04275,0.976069,0.899748,0.84727,0.743305,0.741503,0.668392,0.691757,0.698334,0.694763,0.656155,0.644558
Brunei Darussalam,22.8679,23.0582,27.2745,26.6777,12.8693,13.9376,14.8592,15.1492,15.36,18.2748,19.6722,14.1707,18.866,18.7548,18.498,18.6953,18.8218,19.9838,21.36,22.0021,24.991,25.4164,23.5496,14.0631,10.0221,11.6402,8.84266,12.8304,10.2113,7.38453,35.6539,39.8352,52.9057,36.7928,36.0178,44.0384,53.0145,67.4166,66.707,55.394,63.2938,3.93744,3.63082,3.90556,4.57351,3.25507,3.48261,3.79854,4.13379,3.55234,4.07858
Bulgaria,6.04126,5.74991,6.77894,6.99931,6.3571,6.18992,6.01289,6.04686,5.67261,5.79201,5.32803,5.35672,5.93433,6.20985,6.76324,6.90033,6.43624,8.03533,6.37676,6.7394,8.69022,9.77126,9.71884,10.2141,10.2173,9.99278,9.74996,10.1083,10.1073,9.03643,8.74424,8.96813,9.23653,8.62877,8.34795,8.37788,8.21096,7.98355,7.71566,7.53255,7.21342,7.86993,7.11221,6.63837,5.90544,5.64565,5.26299,4.25978,3.83589,3.26992,2.8339
Burkina Faso,0.108309,0.11029,0.115816,0.115664,0.0984251,0.0838754,0.084682,0.085164,0.0817116,0.0834938,0.0897168,0.0825583,0.0785702,0.0756438,0.0682311,0.0621471,0.0657451,0.0656434,0.0678408,0.0692874,0.0665892,0.0957372,0.0662634,0.0635187,0.0605719,0.0616868,0.0618369,0.0809238,0.0804273,0.0797955,0.0634202,0.0610099,0.0533417,0.0389683,0.0333149,0.0357492,0.0339984,0.0284432,0.0276984,0.0262689,0.0254264,0.0218899,0.018895,0.0192168,0.0195337,0.0198413,0.0215753,0.0175042,0.0170031,0.0187299,0.0091119
Cambodia,0.291013,0.28648,0.285142,0.253406,0.221291,0.207834,0.186008,0.183997,0.173694,0.180519,0.161706,0.158509,0.166948,0.135148,0.145812,0.144035,0.0516812,0.0473048,0.0490353,0.0492677,0.0497984,0.0514378,0.0529962,0.0527591,0.0538848,0.0537515,0.0547654,0.0508765,0.0485898,0.0444705,0.0426951,0.00432956,0.00736814,0.010166,0.00986983,0.00970629,0.00969168,0.0171506,0.015999,0.0347839,0.16712,0.195027,0.07233,0.0624555,0.0712593,0.0623929,0.0539001,0.0629095,0.0511311,0.048728,0.0410292
Cameroon,0.350799,0.331972,0.282955,0.305493,0.205693,0.203793,0.223859,0.220361,0.203649,0.209249,0.215493,0.198553,0.21238,0.218633,0.321443,0.313271,0.281786,0.295994,0.296585,0.0893862,0.144002,0.651906,0.19447,0.1682,0.187437,0.623819,0.601531,0.674434,0.669144,0.580669,0.437226,0.210964,0.237628,0.191236,0.137291,0.150182,0.129543,0.122602,0.120788,0.116625,0.0942344,0.0866683,0.0786133,0.072981,0.0562222,0.0520561,0.0576646,0.0525768,0.0517885,0.051577,0.0506136
Canada,14.6782,15.2828,16.3923,17.0519,16.8936,17.4261,17.2636,17.4639,16.5539,16.9131,17.3705,16.8993,17.0993,16.1147,15.7686,15.6636,15.6119,16.5752,16.3975,15.9399,16.195,16.0842,16.1495,15.5086,14.7772,15.4905,15.8242,15.602,15.8831,16.7109,17.4256,17.6163,16.8841,16.7328,16.9792,17.1116,17.1234,17.06,17.3294,16.2901,16.0141,14.6186,14.6326,13.8104,12.9349,12.814,12.3054,11.1321,11.1306,10.6279,10.7708
Cape Verde,0.729488,0.641725,0.635567,0.64438,0.639142,0.612889,0.55751,0.541876,0.535107,0.46365,0.422708,0.396964,0.361593,0.342495,0.340874,0.284565,0.282436,0.270841,0.278351,0.254906,0.250051,0.233021,0.214346,0.237988,0.17487,0.254833,0.259659,0.115512,0.118255,0.108408,0.401242,0.825319,0.684494,0.260567,0.234676,0.246491,0.21382,0.206442,0.175085,0.129124,0.133139,0.136923,0.112464,0.0720798,0.0886999,0.10622,0.124734,0.0641033,0.0823212,0.101322,0.103662
Caribbean small states,9.89375,9.68207,9.31519,10.2302,7.87645,7.20195,7.64453,7.14075,6.98787,6.85209,6.73945,6.4388,5.86793,5.94318,6.34147,6.19414,5.82975,5.34259,5.98826,6.09351,5.3659,5.04918,4.61267,4.99061,4.79022,5.53552,5.05236,5.0635,5.6606,5.90031,7.11205,6.94691,6.93753,7.29203,6.63194,6.08666,5.74097,6.03651,5.09084,5.04477,4.27013,3.06775,2.93207,2.97284,2.52854,2.60355,2.36577,1.35251,2.70928,2.06435,1.40393
Cayman Islands,10.6359,10.8101,11.9202,11.8975,10.3356,10.5584,10.5438,10.4357,10.4907,10.4972,10.9082,10.5929,11.2705,11.4349,11.5909,11.5781,12.201,11.6466,11.3749,10.4927,10.1173,10.9504,10.0871,10.137,10.1388,10.0622,10.0856,9.62252,9.50712,9.38857,10.2088,6.1722,6.50222,5.29913,5.35123,4.79425,4.78554,5.44015,5.42616,4.59188,4.01028,4.9829,2.54889,1.722,2.17188,1.31418,1.32558,1.33702,1.35114,1.37067,1.39837
Central African Republic,0.0606963,0.0550104,0.056077,0.0571448,0.056386,0.0536964,0.0546246,0.0612821,0.0652171,0.0663299,0.0735755,0.0739662,0.0712825,0.0717396,0.0700499,0.0716453,0.0733255,0.0715765,0.0709171,0.0689196,0.0679815,0.0874441,0.0826499,0.0949963,0.06011,0.061513,0.0588227,0.0590404,0.059314,0.0579813,0.0467629,0.0463759,0.0679393,0.0608692,0.0622544,0.0508957,0.0575313,0.083284,0.0887489,0.0983244,0.114299,0.104353,0.104457,0.0533441,0.0501172,0.053376,0.0453692,0.046249,0.0471138,0.0575506,0.0585354
Chad,0.0400465,0.0390198,0.0462089,0.0432042,0.0393013,0.0399128,0.0390792,0.0409578,0.0188262,0.019992,0.0212038,0.0151209,0.0147168,0.0152314,0.0147365,0.0147093,0.0151988,0.0151334,0.0138837,0.0113427,0.0246456,0.0178114,0.0118242,0.036622,0.0356716,0.0352886,0.0436667,0.0425172,0.0435438,0.0453313,0.0463174,0.0456155,0.0448189,0.0465403,0.0439365,0.0448414,0.037582,0.041279,0.031709,0.0403358,0.034206,0.0451983,0.0356144,0.0341491,0.0250006,0.0321189,0.030485,0.0287854,0.027012,0.0167693,0.0183191
Chile,4.21312,3.95883,4.23168,4.2687,3.90151,3.77838,3.71389,3.44333,3.49952,3.37337,3.79788,3.98828,3.82918,3.77685,3.30903,2.94018,2.73772,2.54145,2.43058,2.39153,2.5839,2.49494,2.11073,1.80787,1.80411,1.77318,1.86138,1.77635,1.78597,2.16085,2.25739,2.2538,2.10952,2.15377,2.2781,2.20728,2.52818,2.7378,2.83919,2.7775,2.57485,2.39936,2.30199,2.13132,2.12408,2.05298,2.07268,2.10324,2.07826,1.84478,1.76374
China,6.19486,5.77814,5.31115,5.15356,4.89273,4.44115,4.08014,3.51225,2.88523,2.74212,2.69686,2.64865,2.67675,2.82057,2.84431,2.75575,2.56599,2.4428,2.31421,2.2459,2.1677,2.15308,2.15091,2.03841,1.93943,1.87105,1.75045,1.62906,1.56674,1.46043,1.49525,1.54268,1.5292,1.38884,1.28528,1.25012,1.09737,1.0982,1.08068,1.04224,0.942935,0.72515,0.605452,0.574162,0.710891,0.665524,0.625646,0.640002,0.661428,0.836047,1.17038
Colombia,1.62945,1.54686,1.47141,1.42565,1.43564,1.4113,1.29495,1.37136,1.35047,1.38747,1.4518,1.44038,1.71066,1.71259,1.6255,1.62997,1.88141,1.81569,1.79291,1.68214,1.72148,1.63008,1.63846,1.6098,1.59844,1.60852,1.66384,1.7168,1.62971,1.61374,1.64681,1.68779,1.6203,1.56574,1.55101,1.49591,1.55544,1.47001,1.40514,1.38601,1.33075,1.34881,1.31476,1.25652,1.22988,1.23312,1.20453,1.21488,1.14459,1.10484,1.0252
Comoros,0.203996,0.187177,0.192022,0.19125,0.196279,0.183126,0.175398,0.173551,0.164875,0.162384,0.159642,0.15664,0.146058,0.134809,0.138219,0.173159,0.169371,0.17351,0.177728,0.182063,0.186552,0.1548,0.158743,0.153282,0.137674,0.151501,0.134913,0.138696,0.142728,0.147134,0.152013,0.0726911,0.100674,0.143933,0.149445,0.126515,0.115814,0.118741,0.121339,0.123841,0.126448,0.080772,0.0825964,0.0844721,0.0863307,0.0704921,0.0538868,0.0548665,0.055822,0.0567782,0.0577556
Congo Dem. Rep.,0.0488806,0.044984,0.0479424,0.0455266,0.0434703,0.0411984,0.0368885,0.0333087,0.0311773,0.0325079,0.0350694,0.0489849,0.0563577,0.0663878,0.0753424,0.0706123,0.0608888,0.0868707,0.0959245,0.103578,0.116594,0.13025,0.122985,0.121421,0.109398,0.121217,0.135552,0.141323,0.110666,0.139577,0.132865,0.146389,0.141879,0.143878,0.144937,0.141382,0.151237,0.147246,0.143059,0.144089,0.135612,0.187695,0.178181,0.124706,0.134675,0.14229,0.116926,0.139446,0.135559,0.150782,0.152228
Congo Rep.,0.493189,0.471782,0.380277,0.38242,0.367037,0.41091,0.342366,0.322717,0.215527,0.268822,0.335475,0.269806,0.262516,0.814087,0.613445,0.575531,0.81156,0.598741,0.626296,0.517002,0.498517,0.649491,0.663987,0.602262,0.499089,0.615602,0.56448,0.58302,0.706299,0.255703,0.226583,0.199645,0.190342,0.291611,0.772219,0.707959,1.07724,0.834795,0.467889,0.498394,0.428474,0.387547,0.358141,0.2636,0.258755,0.212184,0.237615,0.21404,0.223265,0.257406,0.22069
Costa Rica,1.664,1.69905,1.90764,1.92091,1.69304,1.64076,1.63214,1.5886,1.54514,1.43537,1.39323,1.4375,1.41769,1.36334,1.33145,1.39903,1.55278,1.19344,1.1726,1.05735,0.960063,0.990917,1.00567,0.968205,0.940283,0.839766,0.762573,0.824234,0.840203,0.932379,1.04931,1.22336,1.31542,1.2093,0.991045,0.993556,0.952297,1.04622,0.922884,0.819016,0.686265,0.64624,0.600162,0.521289,0.608733,0.535082,0.440185,0.405825,0.384358,0.355676,0.368337
Cote d&apos;Ivoire,0.305896,0.314827,0.376339,0.383472,0.396131,0.44989,0.44703,0.322899,0.436962,0.470541,0.421,0.396583,0.44779,0.543389,0.57264,0.50166,0.380549,0.440576,0.357045,0.449812,0.478509,0.727693,0.809462,0.702952,0.565859,0.721268,0.553154,0.515695,0.678453,0.517534,0.752872,0.685494,0.636612,0.560411,0.573154,0.603914,0.564473,0.53287,0.524437,0.493157,0.465903,0.416392,0.367893,0.32427,0.29419,0.278084,0.188345,0.16026,0.156856,0.153722,0.132972
Cuba,3.40054,2.6487,2.69498,2.36568,2.42518,2.30306,2.21808,2.26621,2.32701,2.27755,2.3378,2.27685,2.20936,2.23195,2.45518,2.34705,2.95987,2.7119,2.91304,2.77337,3.14507,3.40241,3.42776,3.3009,3.29622,3.22646,3.25104,3.09202,3.47957,3.31269,3.1927,3.24385,3.16057,3.05201,2.85251,2.86767,2.45951,2.44089,2.30454,2.21055,2.14254,2.01568,1.90601,1.90594,1.87229,1.83721,1.83559,1.71164,1.90181,1.67106,1.91845
Cyprus,6.98391,7.46478,7.94281,7.70933,7.42975,7.26591,7.21978,7.76279,7.16652,7.12057,7.26179,6.99728,7.03888,6.60752,6.60126,6.49042,6.73245,6.69973,6.59058,6.0544,6.07012,5.7809,5.60648,5.69785,4.97794,4.40857,4.56196,4.46439,4.48494,4.42164,4.68135,4.41649,4.17217,4.01122,3.74772,3.04758,2.99715,3.93774,3.8305,3.03585,2.77885,2.75879,2.71429,2.30698,2.12385,1.98192,1.73011,1.70687,1.56788,1.50142,1.54891
Denmark,8.3464,8.05757,8.54802,9.20134,10.1163,8.69075,9.36202,10.3393,9.16421,9.15042,8.85088,9.57025,10.5705,10.7956,13.0346,10.5364,11.7268,11.0159,10.5038,11.8762,9.67654,9.50438,10.6946,11.3335,11.4381,11.6879,9.89848,9.76926,10.4468,10.0676,11.754,12.2448,11.9085,12.0825,11.8238,10.9962,10.9059,11.7877,11.94,11.4972,12.5997,12.143,10.9613,10.1493,10.449,9.31658,9.14639,8.68983,7.94511,6.88126,6.50268
Djibouti,0.646314,0.646961,0.647304,0.610639,0.619281,0.609132,0.598576,0.539061,0.536922,0.524762,0.557999,0.623489,0.586785,0.639689,0.645626,0.646144,0.657236,0.668389,0.658387,0.652482,0.67755,0.726691,0.699285,0.813959,0.851957,0.881684,0.877773,0.885427,0.904412,0.801763,0.969709,1.07892,0.654004,0.712936,0.79618,0.883047,0.947143,0.942921,1.06394,0.952614,0.872729,0.562697,0.86154,0.669767,1.13413,1.05261,0.783955,0.65598,0.506062,0.497226,0.482292
Dominica,1.90649,1.80778,1.81066,2.1237,1.55623,1.61148,1.56431,1.62261,1.47088,1.63188,1.47356,1.1541,1.09548,1.14017,1.03084,1.13041,0.976195,0.875486,0.826622,0.828127,0.827205,0.823559,0.766695,0.65873,0.652804,0.647352,0.592926,0.539625,0.536625,0.486494,0.486901,0.440492,0.345762,0.349661,0.40381,0.40693,0.408517,0.357781,0.357821,0.358676,0.361149,0.261138,0.318676,0.325079,0.22122,0.22553,0.229471,0.233121,0.177481,0.180241,0.183301
Dominican Republic,2.09291,2.05605,2.15578,2.2288,2.18296,2.10325,2.04032,2.41292,2.40615,2.29956,2.32208,2.21279,2.22619,2.20913,2.16129,2.01874,1.61811,1.553,1.48617,1.37108,1.32101,1.46029,1.4143,1.43238,1.22721,1.11803,1.16648,1.26809,1.03932,1.03452,1.10846,1.19645,0.980189,1.0342,1.19522,1.22666,1.27352,1.21525,0.978064,0.757569,0.687372,0.603796,0.550342,0.378542,0.415729,0.396839,0.462972,0.341814,0.35113,0.300881,0.314461
East Asia & Pacific (all income levels),5.46479,5.16596,4.92476,4.83209,4.635,4.36745,4.16039,3.77145,3.36076,3.24855,3.212,3.12667,3.11048,3.40447,3.39538,3.28607,3.13609,3.0114,2.89409,2.80313,2.72556,2.65234,2.60902,2.44871,2.37203,2.32468,2.2523,2.13687,2.10372,2.06169,2.11298,2.14744,2.09893,2.00814,1.89779,1.83547,1.77155,1.79411,1.72112,1.65567,1.57453,1.31078,1.15086,1.06263,1.07791,1.01963,0.961885,0.93326,0.91306,1.01776,1.18764
East Asia & Pacific (developing only),4.87417,4.59034,4.25472,4.12405,3.92213,3.62145,3.36773,2.9492,2.49063,2.38272,2.3249,2.26473,2.26776,2.53002,2.54032,2.45479,2.29359,2.20044,2.08488,2.01572,1.93014,1.89069,1.88037,1.77489,1.68831,1.63184,1.53426,1.44619,1.39239,1.31643,1.34442,1.37923,1.3676,1.24999,1.15168,1.11873,0.996271,1.00327,0.980003,0.947717,0.865111,0.677261,0.575136,0.540168,0.63848,0.594339,0.559713,0.566176,0.583179,0.725752,0.995389
Ecuador,2.1756,2.06505,2.04444,2.15573,2.11702,2.17085,2.11822,1.99727,1.89485,1.83452,1.67096,1.73128,1.84592,1.54893,2.06716,2.01598,1.23133,2.23208,2.10439,1.5913,1.66297,2.04994,1.78963,1.60511,1.66286,2.16819,2.43145,2.29295,2.3185,2.05741,1.69964,1.57853,1.38839,1.02349,1.13939,1.06273,0.903502,0.802492,0.720595,0.681486,0.710909,0.613846,0.548022,0.469249,0.450982,0.436852,0.423646,0.365267,0.327605,0.354488,0.390695
Egypt Arab Rep.,2.62279,2.57729,2.60686,2.59171,2.4471,2.32952,2.13782,2.13104,1.8622,1.86672,2.13688,1.92623,1.90753,1.71493,1.64238,1.56492,1.41641,1.57073,1.39221,1.37165,1.34803,1.30746,1.37993,1.41749,1.4466,1.26995,1.29779,1.18763,1.20284,1.10954,1.00685,0.977169,0.914154,0.899552,0.837014,0.770579,0.660791,0.614326,0.672316,0.620343,0.596733,0.554637,0.660814,0.582184,0.8065,0.861547,0.816928,0.708801,0.62842,0.593632,0.573408
El Salvador,1.00488,1.04729,1.06402,1.12652,1.12295,1.0628,1.05217,1.08684,1.0052,0.993747,0.963705,0.961157,0.98595,0.983883,0.843061,0.918662,0.780193,0.695098,0.62213,0.595475,0.489919,0.491311,0.475335,0.477162,0.392818,0.397199,0.325255,0.390627,0.36787,0.387265,0.457927,0.521743,0.53126,0.518348,0.511266,0.49819,0.476915,0.487651,0.426527,0.393804,0.382836,0.327782,0.356611,0.3369,0.390654,0.321076,0.391773,0.369496,0.21997,0.203946,0.223487
Equatorial Guinea,6.72122,6.82635,6.84332,7.49891,7.6465,7.80603,8.90494,10.584,9.03118,5.78936,0.877511,0.942,0.346696,0.622464,0.257114,0.298785,0.0857772,0.248377,0.54139,0.521935,0.323688,0.323837,0.302303,0.290398,0.245766,0.211036,0.274565,0.228924,0.292452,0.299401,0.265979,0.289802,0.323454,0.282796,0.272786,0.261668,0.205708,0.111809,0.320155,0.231672,0.126055,0.150691,0.101613,0.0908817,0.0931826,0.108883,0.0969582,0.0983524,0.0852989,0.0862485,0.0872697
Ethiopia,0.074565,0.0784939,0.0770938,0.0735308,0.069227,0.0663425,0.070799,0.0687152,0.0640626,0.0634038,0.088309,0.0791025,0.0806277,0.0705748,0.0634078,0.0377481,0.0539421,0.0567665,0.0575753,0.0600061,0.0628178,0.0608859,0.0595157,0.0593772,0.0526085,0.0445142,0.0421541,0.0482105,0.039921,0.0517117,0.051715,0.0534608,0.0402723,0.0311988,0.0355128,0.0371542,0.0545622,0.0564888,0.0467265,0.0633184,0.0582023,0.0603354,0.0640986,0.0408829,0.0321778,0.0258017,0.0166839,0.0177199,0.0170548,0.0150425,0.0158922
Euro area,7.44463,7.38174,7.95882,8.17524,8.30832,8.41143,8.50668,8.49832,8.36801,8.42372,8.26302,8.21929,8.44022,8.30716,8.44824,8.25248,8.10435,8.15002,8.35756,8.62785,8.36837,8.31104,7.7843,7.8274,7.67203,7.84719,7.78185,7.80436,8.0334,8.42742,8.99648,9.20529,8.81067,8.47683,8.76509,8.02563,8.54534,8.64537,8.10257,7.63149,7.36305,6.77015,6.41091,6.0481,5.72822,5.55404,5.37639,5.18056,4.76253,4.41513,4.22338
European Union,7.35143,7.20896,7.82218,8.01937,8.1472,8.15449,8.2309,8.2431,8.08945,8.17416,8.02101,7.99653,8.25952,8.26424,8.49622,8.2598,8.1306,8.24693,8.43811,8.70324,8.60758,9.02788,8.80516,8.95036,8.80772,8.85298,8.65218,8.73034,8.87859,9.10423,9.67993,9.99672,9.62574,9.36002,9.43494,8.89731,9.115,9.29973,8.89944,8.61289,8.44739,7.96501,7.55289,7.18692,7.07883,6.92587,6.75491,6.54001,6.17759,5.8923,5.73323
Faeroe Islands,14.3482,13.4555,14.4903,15.614,15.5098,15.5909,16.3121,16.0927,15.9732,16.8043,15.3018,14.5757,14.6517,14.2013,14.4822,16.3813,13.9745,15.5504,14.0917,12.5075,12.9789,12.0442,11.0496,10.5673,10.567,11.2794,11.0239,10.9203,10.3928,10.1022,9.80481,11.3115,9.52899,9.82066,8.05462,8.59545,7.49561,6.3684,5.9626,6.67873,6.65224,5.57295,4.86107,4.5274,3.78616,3.73124,3.36647,3.50712,3.33809,3.27316,1.71225
Fiji,1.49994,0.993663,1.27759,1.43977,1.64294,1.65854,1.38353,1.05448,1.02431,1.36832,1.06624,0.99531,0.879403,0.929352,1.14032,1.12054,1.06802,1.01035,0.970523,0.917736,1.12275,0.870739,0.766171,0.660635,0.842117,0.81413,0.832464,1.04325,1.25669,1.66178,1.25263,1.35107,1.16748,1.28106,0.823874,1.08116,1.18691,1.13827,1.06738,1.0347,1.00036,0.849011,0.793839,0.729024,0.677465,0.743069,0.944323,0.554832,0.547994,0.414297,0.49405
Finland,11.5308,9.95863,10.651,12.0978,12.5699,10.4164,12.8327,13.2147,11.7443,10.8759,10.0732,10.7295,11.0583,11.672,11.9586,10.3424,11.3001,9.98095,9.49189,10.72,10.3772,10.5924,10.5499,11.6899,10.8433,10.1313,8.65558,8.56225,8.92566,10.7314,12.1867,11.4035,10.9234,10.5973,10.8512,9.78502,9.95207,10.5843,9.51831,8.79913,8.76964,8.20434,7.20089,6.21339,6.44405,5.54984,5.02419,4.27963,3.74257,3.34888,3.40985
France,5.55607,5.51635,5.78775,5.87201,6.01374,6.206,6.22152,6.22711,6.16214,6.28836,6.00153,6.13781,6.79726,6.3286,6.83033,6.60539,6.2276,6.58328,6.74668,7.30343,6.8316,6.72216,6.43916,6.56704,6.7468,7.05462,7.1755,7.52635,7.8273,8.19203,9.15105,9.624,9.23571,8.81241,9.30647,8.27121,9.29942,9.70339,9.10872,8.83857,8.45952,8.02155,7.516,7.31882,6.88541,7.04473,6.99544,6.85914,6.22433,5.94605,5.81421
French Polynesia,3.29676,3.28827,3.30603,3.23939,3.3009,3.33777,3.13094,3.21646,3.00804,3.05487,2.65829,2.50285,2.60116,2.67157,2.6422,2.65823,2.54768,2.95685,3.14413,3.15839,3.17953,3.13372,3.01489,3.29114,3.36013,3.34871,2.69004,2.54636,2.09695,2.11233,1.93379,1.91691,2.17918,1.98049,1.95946,1.62829,1.71053,1.7083,1.82918,1.98891,1.7589,1.50993,1.48971,1.39303,1.25102,0.902622,0.732326,0.760096,0.569859,0.726984,0.469628
Gabon,1.65416,0.0531045,1.05595,1.61132,1.3989,1.51256,1.31205,1.01442,1.3837,1.41971,0.858756,1.20197,1.39887,3.11759,3.18841,3.57035,3.18363,3.20017,2.13304,1.51953,5.11682,6.26481,4.83518,4.61235,5.8549,7.64897,7.45419,7.04358,8.58599,8.82987,9.13148,9.52572,10.9184,9.32964,8.62418,8.28248,8.58283,8.52373,4.47597,4.73719,3.53527,2.48388,3.4718,1.82986,0.703767,0.406754,0.364432,0.142197,0.172786,0.327565,0.264647
Gambia The,0.281466,0.267988,0.260271,0.258948,0.227591,0.224633,0.231833,0.233853,0.241348,0.222911,0.223804,0.215138,0.202444,0.191975,0.197415,0.203006,0.201643,0.20731,0.202128,0.208554,0.207986,0.20392,0.217482,0.223449,0.210473,0.23542,0.245828,0.239663,0.248916,0.252123,0.260901,0.250669,0.245402,0.206003,0.184577,0.190011,0.123319,0.127259,0.139095,0.119526,0.106579,0.109387,0.0861791,0.079269,0.0808536,0.0731817,0.0743527,0.0754003,0.0669291,0.0584016,0.049833
Ghana,0.370888,0.314206,0.369078,0.425213,0.42321,0.325303,0.352699,0.375881,0.37585,0.358653,0.334071,0.356242,0.356316,0.364019,0.335322,0.323798,0.310385,0.293226,0.264744,0.268875,0.26872,0.234968,0.249087,0.243723,0.232535,0.26154,0.209682,0.307337,0.264922,0.274082,0.236942,0.251969,0.286848,0.294722,0.242912,0.279362,0.305823,0.264722,0.266838,0.260046,0.305401,0.201308,0.214546,0.185679,0.182625,0.22114,0.219624,0.235976,0.202351,0.195985,0.219937
Greece,7.77492,8.48317,8.74361,8.80106,8.74245,8.89535,8.78728,8.68898,8.52806,8.56533,8.39171,7.96103,8.10438,7.84782,7.50714,7.44615,7.42571,7.22816,7.28105,6.59262,7.16005,7.35254,6.77393,6.34683,5.93249,6.10016,5.76556,5.64092,5.32697,5.21329,5.33364,5.37208,5.09882,5.04915,4.67028,4.2971,4.04138,4.17251,3.55205,3.1496,2.74833,2.90383,2.55367,2.24941,2.16521,1.99125,1.55376,1.44567,1.2032,1.16978,1.12892
Greenland,11.1482,9.89621,11.3275,10.893,11.0448,10.6915,10.245,9.36695,9.52232,9.56609,9.46112,9.67408,9.47799,9.36395,9.2495,9.06892,9.11795,9.10107,8.75306,9.91081,10.0249,8.55412,9.97049,4.33804,6.10024,9.58107,10.7853,6.968,10.0397,10.3539,11.2494,11.5333,7.97498,14.6235,4.42696,10.2025,11.2603,11.3752,11.4641,9.94441,8.21914,9.06541,12.505,9.97704,9.59758,8.79332,8.38729,9.06676,7.54354,8.70504,6.88268
Grenada,2.48724,2.42601,2.50507,2.30103,2.23727,2.10151,2.00041,2.11346,2.0113,1.90823,1.87644,1.9159,1.73754,1.74058,1.60074,1.57283,1.47561,1.26832,1.24496,1.17855,1.14253,1.05993,0.972253,0.737968,0.659098,0.62397,0.633269,0.649493,0.669657,0.647773,0.535605,0.538224,0.576378,0.52858,0.521365,0.515624,0.393662,0.587478,0.507478,0.506169,0.465996,0.503485,0.425159,0.386154,0.309197,0.232631,0.2339,0.157122,0.277731,0.200909,0.244845
Guatemala,0.775253,0.846695,0.838275,0.948832,0.963918,0.982192,0.939595,0.870632,0.943106,0.925776,0.884988,0.81605,0.818731,0.727109,0.651217,0.71769,0.700971,0.593564,0.646151,0.555373,0.572097,0.488751,0.485819,0.481182,0.456289,0.444955,0.442532,0.421469,0.492905,0.552873,0.644243,0.687007,0.619142,0.585841,0.521294,0.568916,0.508534,0.499807,0.473818,0.438846,0.424552,0.432701,0.417324,0.397071,0.358069,0.417341,0.384159,0.339066,0.316414,0.331067,0.32502
Guinea,0.113624,0.115965,0.117675,0.120445,0.1205,0.123301,0.143089,0.14581,0.146344,0.145932,0.146326,0.147944,0.146988,0.154256,0.157194,0.159553,0.163486,0.154673,0.159547,0.169155,0.175428,0.181728,0.185472,0.185296,0.191379,0.196122,0.198773,0.198908,0.210276,0.216504,0.214531,0.213035,0.204766,0.205803,0.203217,0.193876,0.193855,0.186278,0.194237,0.191451,0.188176,0.180045,0.182909,0.180706,0.182189,0.179792,0.183835,0.18588,0.178894,0.169583,0.114828
Guinea-Bissau,0.150228,0.151323,0.149879,0.155639,0.148936,0.149619,0.145015,0.142846,0.115726,0.115496,0.115196,0.156039,0.141463,0.221558,0.245418,0.247756,0.250116,0.25586,0.244538,0.246647,0.248699,0.232225,0.222353,0.20419,0.196947,0.189325,0.181373,0.164589,0.16839,0.171861,0.179254,0.136074,0.128021,0.128872,0.12077,0.146096,0.134814,0.148456,0.0918233,0.104977,0.102015,0.087229,0.0935121,0.0718241,0.0997354,0.100105,0.0894314,0.0730949,0.0622896,0.0456818,0.0288306
Guyana,2.1644,1.99065,2.00902,2.03244,1.68649,1.88451,2.15096,2.07774,2.10554,2.13353,2.16236,2.27132,2.24238,2.18304,2.09223,2.0346,1.83896,1.45867,1.45563,1.55145,1.57292,1.64123,1.9159,1.772,1.40256,1.88784,1.85143,1.62869,1.8202,2.32124,2.3033,1.96408,2.67293,2.491,2.32088,2.43854,2.08984,2.43792,2.12278,2.05488,2.19262,1.93094,1.92067,1.95881,1.79456,1.68311,1.0405,1.01404,1.14659,1.27968,1.17806
Haiti,0.214171,0.231695,0.251867,0.251309,0.224973,0.224117,0.217692,0.192802,0.206122,0.179981,0.159449,0.15784,0.148704,0.174869,0.136821,0.120233,0.0390969,0.0879693,0.122896,0.13748,0.139767,0.148988,0.149985,0.136741,0.129089,0.147497,0.146213,0.146663,0.138462,0.13164,0.13207,0.135637,0.138515,0.132421,0.128728,0.0941021,0.0936416,0.0849425,0.0803913,0.0840786,0.081694,0.0681609,0.0581719,0.0585091,0.0697812,0.0711933,0.0717566,0.0607091,0.0755974,0.0752602,0.0739221
Heavily indebted poor countries (HIPC),0.214338,0.20377,0.200962,0.200667,0.192835,0.185924,0.190445,0.182643,0.169319,0.168036,0.167663,0.167538,0.169804,0.183016,0.180797,0.177539,0.170258,0.16777,0.168357,0.169134,0.176882,0.204461,0.198639,0.188411,0.174318,0.202367,0.19525,0.206427,0.210356,0.211077,0.220568,0.209326,0.211548,0.208681,0.206893,0.218133,0.224422,0.225674,0.216049,0.216439,0.206936,0.195977,0.182413,0.163308,0.153754,0.151174,0.132675,0.125005,0.121108,0.123821,0.120335
High income,11.586,11.222,11.9925,12.2299,12.2179,12.2551,12.3015,12.1604,12.0053,12.0063,12.1339,11.8358,11.8366,11.9117,11.9503,11.756,11.8177,11.9608,12.0764,11.983,11.8532,12.0669,11.8472,11.5027,11.2628,11.3038,11.2495,11.035,11.1409,11.6738,12.2777,12.6491,12.4184,12.2116,12.0705,11.5388,12.0379,12.4498,11.9352,11.47,11.3492,10.5368,9.99638,9.57174,9.24566,8.94534,8.66332,8.34974,8.01034,7.75235,7.70143
High income: OECD,11.3427,11.1068,11.8982,12.2409,12.2151,12.3674,12.4486,12.358,12.2557,12.2751,12.4155,12.1871,12.2215,12.2969,12.2584,11.9809,11.8951,11.831,11.8409,11.8274,11.7391,11.9922,11.7861,11.4569,11.1734,11.2619,11.2213,11.0002,11.1103,11.6292,12.221,12.6429,12.417,12.2172,12.0901,11.5964,12.0991,12.5166,12.03,11.5829,11.4983,10.699,10.1909,9.75693,9.44374,9.13376,8.8505,8.54275,8.19551,7.94234,7.90124
Honduras,1.06384,1.053,1.18438,1.22294,0.995767,1.09497,1.0894,1.02129,0.937665,0.897588,0.806844,0.776344,0.777531,0.710504,0.69193,0.6938,0.611481,0.535591,0.593839,0.535309,0.528697,0.572324,0.540758,0.483449,0.423261,0.44999,0.483413,0.502001,0.455968,0.48589,0.565804,0.548497,0.600527,0.60544,0.554933,0.536881,0.516803,0.515951,0.540011,0.481167,0.5164,0.449275,0.479891,0.352499,0.333331,0.319529,0.316458,0.321733,0.327409,0.356228,0.307669
Hong Kong SAR China,5.16623,5.30581,5.54387,5.77808,5.62262,5.9511,5.66308,5.95258,5.47921,5.65536,6.07132,6.47144,5.99557,4.75462,4.56302,5.13646,5.20758,5.9532,5.76302,5.023,4.84884,5.33715,5.23894,5.05725,4.65162,4.21797,4.13989,3.93175,3.74258,3.60588,3.29104,3.2224,3.37513,3.10483,2.76851,2.46982,2.46373,2.19159,2.25164,2.2644,2.12203,2.00817,1.63162,1.62724,1.4234,1.33618,1.20538,1.24238,1.11501,1.06488,0.960982
Hungary,5.05825,4.85658,5.44487,5.55496,5.68289,5.74167,5.67439,5.83162,5.52183,5.5972,5.60556,5.8962,5.91988,6.00626,6.08059,5.81453,5.61465,5.80417,5.6614,6.1152,6.06855,7.25933,7.38592,7.95613,7.85828,8.08594,8.51638,8.33881,8.11461,8.08621,8.10935,8.05571,8.25355,7.81405,7.54943,7.15238,7.07174,7.00424,6.67703,6.68246,6.77149,6.06091,5.96292,5.75824,6.06504,6.04004,6.16624,5.57905,5.02504,4.88333,4.54447
Iceland,6.16853,6.44749,6.67748,7.41483,7.49619,7.42708,7.64602,7.48546,7.55023,7.37343,7.69378,7.45613,7.66727,7.76334,8.22265,7.28004,7.55398,7.55022,7.00932,6.85615,7.81388,7.52683,7.40037,7.5321,7.34365,6.74447,7.57863,6.53006,6.83662,7.59605,8.18146,8.80463,8.61233,8.59715,7.74528,7.41882,8.09364,8.2557,7.10125,7.15259,6.79811,6.22079,7.91682,7.26939,7.65013,7.26588,6.92718,7.03168,6.57486,6.10385,6.91319
India,1.66621,1.66557,1.54197,1.39023,1.31582,1.25195,1.2142,1.172,1.13939,1.13624,1.13855,1.11646,1.06367,1.05399,1.02988,0.962589,0.921657,0.884042,0.867092,0.832462,0.79478,0.778677,0.727121,0.68791,0.658199,0.627404,0.584649,0.57798,0.544703,0.52415,0.49871,0.485981,0.476572,0.484222,0.414182,0.405317,0.381565,0.37756,0.375085,0.36257,0.351483,0.351252,0.352692,0.331406,0.337686,0.333309,0.308953,0.32261,0.30658,0.284332,0.268201
Indonesia,1.80321,1.90792,1.76051,1.62593,1.51561,1.52348,1.52573,1.4522,1.42643,1.39127,1.26075,1.17501,1.03557,1.39294,1.2851,1.15882,1.15871,1.16265,1.0955,0.988692,0.837279,0.746418,0.767203,0.729846,0.734386,0.746316,0.70513,0.674104,0.692195,0.672794,0.651466,0.668957,0.676476,0.607916,0.466902,0.417642,0.406573,0.399458,0.361246,0.333238,0.314052,0.300318,0.254575,0.232578,0.227307,0.246087,0.228914,0.238764,0.246998,0.286426,0.241331
Iran Islamic Rep.,7.67653,7.85232,7.85256,7.517,7.1839,6.69013,6.45323,6.11088,5.9382,5.96531,5.65463,5.90073,4.85347,4.31673,4.50395,4.5235,4.45542,4.03117,3.92872,3.96776,3.74606,3.48289,3.31046,3.10915,3.00499,3.38574,3.30207,3.41859,3.28137,2.79395,3.11176,4.38103,4.49486,4.69351,4.62845,4.24746,4.51953,4.18697,3.52484,3.46757,3.21673,2.98433,3.0393,2.57416,2.49688,2.1486,1.95137,1.74127,1.61963,1.6215,1.70287
Iraq,3.70343,3.5358,3.20911,2.18624,3.54704,4.19219,4.27705,3.50999,3.45745,3.48096,3.04377,3.13034,3.23274,3.1488,3.30686,3.82563,3.80327,3.49309,3.32514,2.63309,3.00016,4.29039,4.07413,3.24391,2.99549,2.86813,2.64457,2.6142,2.12131,2.28707,3.33682,3.99686,3.29067,3.5077,4.04369,2.83767,2.73526,2.79834,2.788,2.81428,2.41066,2.36036,2.12916,2.05576,3.20236,2.30594,1.11741,1.19089,1.1769,1.16652,1.13384
Ireland,8.77155,8.95693,9.58254,10.135,10.1676,10.4653,10.7994,10.8436,11.1298,11.4195,10.8656,10.7018,10.2937,9.93757,9.79074,9.10948,9.10728,8.7372,8.80262,8.85147,8.93799,8.5497,8.46595,8.5303,8.05878,7.55355,7.22724,7.32335,7.32916,7.54109,7.69331,8.11821,7.08043,7.18049,6.88543,6.91425,7.4275,7.40779,7.26191,7.51894,6.56458,6.31329,6.11261,5.65505,5.23114,4.77285,4.96472,4.71897,4.62634,4.37796,3.95273
Israel,9.26803,8.9544,9.70585,9.25113,9.35348,8.69326,9.28194,9.7347,9.61122,10.2111,9.96836,10.1479,10.514,10.864,9.55726,9.78087,8.72772,8.58166,8.10061,6.93388,7.19629,7.02882,6.76521,6.26806,6.19355,5.87517,5.70902,5.83147,5.974,5.36238,5.45322,5.55183,5.739,5.50608,5.55084,5.68677,5.7584,5.89092,5.37935,5.29439,5.57448,5.15062,4.92684,4.93342,5.17202,5.05053,3.69663,3.4512,3.4639,3.23569,3.05985
Italy,6.85433,6.79565,7.60176,7.91735,8.07215,8.16603,8.19564,8.17175,7.93271,7.90443,7.92806,7.73328,7.82519,7.67551,7.60173,7.56994,7.16667,7.24801,7.40417,7.46676,7.3617,7.21536,6.88301,6.77841,6.4749,6.57562,6.49825,6.38859,6.53799,6.69042,6.89248,6.88,6.64649,6.36535,6.59232,6.17433,6.52151,6.47144,6.04932,5.76232,5.51339,5.04331,4.68661,4.43148,4.07944,3.6415,3.40505,3.2151,2.8785,2.46456,2.17844
Jamaica,2.66015,3.20423,4.47133,5.06291,4.53081,4.02682,4.06772,4.08516,3.93866,4.07858,3.98509,3.79622,3.805,4.19508,4.06304,3.91245,3.50899,3.44764,3.34156,3.39717,3.33252,2.83336,1.92189,2.29012,1.94826,2.18329,2.25659,2.87855,2.8268,3.42907,3.9627,4.05713,4.38389,3.61643,3.57393,4.06777,3.82792,4.24237,3.26669,3.03515,2.67226,2.31556,2.12937,2.14463,1.97424,1.70015,2.34424,1.40492,1.26277,1.28973,0.902679
Japan,9.18565,8.62863,9.45088,9.79204,9.63792,9.69047,9.85946,9.68876,9.54726,9.45557,9.6129,9.45947,9.1691,9.52988,9.58652,9.43842,9.39515,8.90155,9.04437,8.88086,8.8624,8.32995,8.06669,7.41846,7.53405,7.58068,7.83325,7.41109,7.5999,7.90159,8.11402,8.24735,7.86686,8.2135,8.05972,7.77267,8.31388,8.47296,7.96146,7.54556,7.36809,6.33852,5.56659,4.86356,4.20626,3.91291,3.67304,3.35932,3.05974,2.98198,2.51654
Jordan,3.4438,3.59323,3.58841,3.80497,3.74516,3.8859,3.63719,3.38296,3.35183,3.25458,3.2328,3.11237,3.16365,3.2336,3.28038,3.23168,3.35728,3.09808,3.28586,2.76396,3.28179,3.02144,3.15949,3.39513,3.38235,3.23012,3.27418,2.99823,2.66662,2.58619,2.16725,1.8079,1.80165,1.62569,1.5733,1.37766,1.27569,1.30411,1.17403,1.05314,1.03347,1.2253,1.10907,1.1072,1.3198,1.26134,1.17164,1.22185,1.11205,1.09831,0.881992
Kenya,0.303782,0.31012,0.264149,0.260414,0.260478,0.23927,0.218854,0.199222,0.241463,0.291636,0.333001,0.333751,0.337906,0.285569,0.330972,0.275512,0.246168,0.245658,0.221306,0.199712,0.248362,0.229079,0.218712,0.244775,0.204099,0.191743,0.228045,0.255504,0.267301,0.386202,0.380948,0.32171,0.353043,0.34809,0.329338,0.368977,0.380879,0.312856,0.320475,0.316135,0.274069,0.288158,0.268507,0.266146,0.273275,0.259649,0.307305,0.320662,0.304274,0.287257,0.299497
Korea Rep.,11.4868,10.3569,10.3793,10.2029,9.73304,9.61647,10.0392,9.74137,9.77763,9.50631,9.52093,8.57732,7.88183,9.35742,8.86812,8.31107,7.70668,7.28486,6.49814,6.03946,5.76037,5.556,5.28083,4.62885,4.42697,4.3703,4.05661,3.78108,3.60841,3.60874,3.53765,3.54906,3.06757,2.90324,2.60281,2.31937,2.18166,2.14333,1.80081,1.78261,1.66819,1.34803,1.20766,1.16664,1.01966,0.871122,0.793962,0.77411,0.651714,0.561315,0.501837
Lao PDR,0.292983,0.289009,0.283725,0.277467,0.268062,0.247606,0.249652,0.201001,0.212273,0.164909,0.180346,0.180646,0.138194,0.12519,0.101481,0.0775332,0.0632888,0.0602465,0.0619615,0.0579008,0.055292,0.0569253,0.0521911,0.0537139,0.0552639,0.0548401,0.051254,0.0516096,0.046469,0.0453436,0.0575273,0.0698891,0.0730485,0.0738086,0.0723078,0.0830523,0.0982346,0.177373,0.171915,0.152864,0.213041,0.121884,0.066042,0.127893,0.0963021,0.0754779,0.0741177,0.0645674,0.0594737,0.052409,0.0380586
Latin America & Caribbean (all income levels),2.91275,2.76983,2.88703,2.81248,2.71353,2.70117,2.61179,2.58456,2.57696,2.59503,2.57416,2.63872,2.61902,2.51188,2.42603,2.3636,2.39134,2.33013,2.29989,2.30177,2.29787,2.43616,2.34512,2.3349,2.26756,2.22817,2.20986,2.2406,2.38454,2.37354,2.4502,2.38383,2.27751,2.16326,2.11731,2.06965,2.08099,2.01509,1.89178,1.84775,1.79619,1.66933,1.58201,1.52086,1.45361,1.41816,1.40676,1.33591,1.37279,1.33105,1.3387
Latin America & Caribbean (developing only),2.73456,2.5988,2.71991,2.63829,2.57315,2.57193,2.47762,2.46616,2.45771,2.48259,2.44818,2.50949,2.50309,2.39462,2.31493,2.26535,2.30324,2.25101,2.212,2.21471,2.21501,2.362,2.28208,2.28029,2.21278,2.16352,2.14885,2.18469,2.32174,2.2982,2.35743,2.28993,2.19019,2.0577,2.01508,1.98003,1.98288,1.9066,1.78145,1.73699,1.70164,1.59502,1.51118,1.45275,1.38638,1.34626,1.34433,1.28256,1.29509,1.27235,1.29219
Least developed countries: UN classification,0.255491,0.248291,0.234361,0.238498,0.230835,0.21151,0.21602,0.187308,0.18521,0.177271,0.168565,0.163357,0.153953,0.167997,0.17048,0.162228,0.140867,0.138232,0.150968,0.144896,0.146693,0.150579,0.155222,0.151609,0.148176,0.150722,0.148022,0.146447,0.145641,0.148149,0.15244,0.149549,0.143245,0.139278,0.137642,0.146101,0.153838,0.15819,0.148503,0.150985,0.150535,0.149226,0.159271,0.1187,0.115836,0.115321,0.103942,0.0959773,0.10176,0.0930789,0.097955
Lebanon,4.70001,4.92511,3.97878,3.61668,3.55391,4.07458,4.36871,4.93788,4.56236,4.8273,4.74557,5.25881,5.19548,5.05933,4.49332,4.48975,4.28381,4.0186,4.02453,3.45054,3.3658,3.00718,2.86919,2.98061,2.89822,3.00995,2.64381,2.76066,2.32228,2.42807,2.37167,2.36429,2.19327,2.13726,2.35683,2.49716,2.84769,2.88727,2.364,2.25919,1.6999,1.8884,1.64197,1.61528,1.67506,1.57907,1.59887,1.513,1.46849,1.42188,1.412
Liberia,0.201973,0.13818,0.156756,0.1926,0.224259,0.226539,0.1969,0.170191,0.163606,0.167528,0.150891,0.148459,0.15195,0.150383,0.156838,0.160437,0.158002,0.160837,0.142799,0.13844,0.230182,0.312302,0.376765,0.348967,0.330665,0.328745,0.323683,0.337552,0.29533,0.98881,1.07925,1.06347,0.848996,0.854911,0.881734,0.911878,1.08904,0.962691,1.00653,1.04648,1.02282,0.919861,0.655381,0.465653,0.477197,0.444851,0.39543,0.297261,0.21621,0.140928,0.147294
Libya,9.77302,11.3465,10.2763,9.37535,9.45886,9.31424,9.14453,9.06706,8.95672,9.14679,9.102,8.76116,9.07812,9.13334,9.12855,9.69346,9.48169,8.54476,8.35582,9.83219,8.63419,8.96945,8.95929,8.22019,8.83589,8.40343,7.92221,8.7406,9.20397,8.9838,8.74027,8.80218,7.46858,7.34799,6.80523,4.57364,3.8407,6.23718,6.77829,10.0237,15.5768,17.814,15.7012,10.0204,1.47899,0.593443,0.402592,0.920931,0.684552,0.808507,0.48519
Low & middle income,2.99742,2.88695,2.78407,2.69186,2.5893,2.45262,2.34646,2.16492,1.97093,1.93933,1.91835,1.89483,1.8852,1.96777,1.99041,1.95296,1.90074,1.89166,1.87782,1.84533,1.80712,1.83643,1.81922,1.75462,1.69533,1.65597,1.59385,1.54725,1.52038,1.46491,1.48539,1.50644,1.47659,1.39789,1.32481,1.2747,1.21282,1.19885,1.14585,1.11413,1.04903,0.9341,0.864524,0.80962,0.84293,0.80204,0.760246,0.739376,0.731454,0.777705,0.898455
Lower middle income,1.56531,1.55692,1.5228,1.43404,1.37384,1.34407,1.32407,1.28932,1.24213,1.23239,1.22666,1.18685,1.14796,1.17622,1.18695,1.14782,1.14285,1.19641,1.24507,1.17162,1.11288,1.07776,1.07714,1.02415,1.00035,0.971277,0.929125,0.910635,0.89268,0.867369,0.840141,0.834919,0.789271,0.783378,0.700719,0.681707,0.669646,0.654478,0.624736,0.606905,0.581729,0.547547,0.541781,0.50056,0.504972,0.492171,0.454086,0.448415,0.423834,0.403903,0.381911
Luxembourg,21.3603,20.5898,22.0853,22.6441,24.0284,24.8168,24.599,21.9307,21.1057,19.9327,18.8855,17.8548,17.3205,18.9273,20.37,20.353,25.2915,27.1421,26.9386,27.422,26.1977,25.6136,23.9099,23.3521,24.4596,24.9996,24.3967,22.6767,24.2377,25.8138,30.2806,33.4102,32.7289,30.2405,32.8243,32.9974,40.5895,40.4317,38.9341,38.5525,40.5329,39.0929,36.5335,33.912,34.8035,36.8138,37.5483,35.3236,36.0126,36.5838,36.6852
Macao SAR China,1.92738,2.49567,2.3482,2.84762,3.40097,3.92432,3.76663,3.409,3.43459,3.85048,3.78665,3.6028,3.73871,3.64002,3.49298,3.1198,3.27592,3.08567,2.87304,2.95755,2.8746,2.95703,2.87071,3.01175,2.83422,2.47585,2.13294,2.51059,1.85514,2.12236,2.14448,1.70472,1.70904,1.26381,1.0289,1.19666,1.06841,0.88468,0.908523,0.895514,0.818145,0.687628,0.711351,0.726113,0.693249,0.638017,0.649772,0.563547,0.526679,0.397825,0.299424
Madagascar,0.0955042,0.0889211,0.0975325,0.0937052,0.0894052,0.0952317,0.101773,0.098664,0.0738394,0.107283,0.119013,0.126135,0.117521,0.118742,0.101695,0.0975866,0.100957,0.0846865,0.0852172,0.0903015,0.0854358,0.0863936,0.122034,0.125664,0.114679,0.108381,0.0989006,0.070144,0.109763,0.114294,0.184471,0.131889,0.123284,0.105468,0.127411,0.223628,0.161422,0.15022,0.185133,0.15188,0.147766,0.132919,0.146499,0.138895,0.0979013,0.0966134,0.0860461,0.0842129,0.0739884,0.0680943,0.0783828
Mali,0.0445726,0.0451638,0.0452154,0.0455291,0.0461144,0.0475984,0.0487964,0.0480447,0.0508807,0.0517273,0.0528933,0.0540275,0.053236,0.0554182,0.0528847,0.0522176,0.0527479,0.0532736,0.0533126,0.0536713,0.052951,0.053414,0.0499196,0.0471981,0.0507491,0.0549664,0.0599311,0.0585006,0.0523524,0.0576848,0.0582561,0.0648579,0.0609034,0.064782,0.0541902,0.0550838,0.0499801,0.0446908,0.0416909,0.039189,0.0352825,0.0286183,0.0355785,0.040681,0.0350834,0.0368452,0.0331116,0.0334651,0.0267703,0.0227772,0.0237326
Malta,6.24572,6.05422,6.25231,6.69884,6.3513,6.68322,6.41525,6.47688,5.80654,6.32582,5.41353,6.18642,5.68239,6.72349,6.03153,5.74155,6.62757,7.31984,5.65388,5.80197,6.15015,6.1897,5.79625,5.38631,4.34096,3.56398,4.12629,3.01771,4.02821,3.58674,3.23104,2.89061,3.01463,2.61613,2.49444,2.19377,2.46494,2.66956,2.77647,2.18057,2.19305,2.14501,2.07229,1.67137,1.31463,1.48382,1.55241,1.2733,1.01893,0.901952,1.04435
Mauritania,0.613635,0.628883,0.590294,0.574821,0.517593,0.532655,0.534071,0.497067,0.498291,0.483433,0.456328,0.456327,0.435673,1.21161,1.24786,1.27868,1.37789,1.34498,1.37537,1.32136,1.31704,1.44684,1.68559,1.76109,0.205968,0.371452,0.503487,0.559518,0.544036,0.420434,0.411125,0.405848,0.402473,0.395976,0.378061,0.383626,0.375012,0.374353,0.367328,0.337884,0.373423,0.246475,0.216573,0.188166,0.17582,0.162572,0.121743,0.0940112,0.0685564,0.0539652,0.0427232
Mauritius,3.2149,3.03131,3.11614,3.08395,3.0151,2.74305,2.58958,2.57299,2.46346,2.47241,2.33267,2.09986,1.89288,1.74044,1.72033,1.6302,1.45975,1.61734,1.57576,1.42189,1.38191,1.00334,0.820885,0.901873,0.780152,0.696586,0.62132,0.597241,0.507067,0.554282,0.611167,0.693764,0.673537,0.696483,0.683638,0.661869,0.789328,0.784436,0.8091,0.471904,0.603768,0.704146,0.799158,0.63618,0.357727,0.404198,0.4183,0.290764,0.361281,0.274719,0.272515
Mexico,3.76357,3.8329,4.10065,4.0152,3.94051,3.92882,3.75515,3.7539,3.66602,3.74787,3.67291,3.73202,3.70893,3.62118,3.50627,3.43883,3.7201,3.60415,3.65953,3.7131,3.65273,4.29137,3.71593,3.79457,3.70934,3.70542,3.63616,3.7185,4.15221,3.9564,3.81581,3.50539,3.32248,2.95501,2.90045,2.66532,2.58642,2.48115,2.34875,2.31098,2.1528,1.99154,1.8878,1.86684,1.7299,1.65966,1.69079,1.5591,1.54748,1.63512,1.63189
Middle East & North Africa (all income levels),5.85526,5.77252,5.76026,5.49084,5.54299,5.35512,5.2115,4.89448,4.63949,4.67611,4.73969,4.44802,4.24409,3.95161,4.13456,4.23025,4.42279,4.30977,4.05747,3.85522,3.73251,3.73133,3.70887,3.57218,3.62954,3.50997,3.42089,3.29792,3.19259,3.26268,3.46844,3.52879,3.45903,3.38162,3.30585,2.88114,3.00314,3.04352,2.64306,2.52734,2.31173,2.24864,2.04823,1.76459,1.7047,1.53997,1.331,1.1753,1.05204,0.981754,0.959333
Middle East & North Africa (developing only),3.89455,3.96468,3.91823,3.70648,3.68835,3.62437,3.4702,3.32575,3.15835,3.1964,3.15663,3.19185,3.00203,2.73577,2.82547,2.85092,2.79458,2.66746,2.59986,2.55571,2.47262,2.52701,2.51853,2.40718,2.32981,2.34657,2.3186,2.21162,2.04444,1.96499,2.17721,2.40401,2.37185,2.29204,2.26449,1.95864,1.96791,1.95492,1.73151,1.69654,1.63379,1.59021,1.60311,1.29308,1.30601,1.12913,0.984563,0.895966,0.841324,0.832979,0.850846
Middle income,3.44674,3.31373,3.1912,3.08029,2.95481,2.79591,2.66982,2.45893,2.23217,2.19123,2.16438,2.13592,2.1246,2.17473,2.19123,2.14526,2.08308,2.06801,2.0495,2.01028,1.96444,1.99757,1.97917,1.91235,1.85008,1.80884,1.73988,1.68851,1.6603,1.59469,1.61556,1.64022,1.60605,1.51874,1.4371,1.38217,1.31304,1.29757,1.24026,1.20423,1.13378,1.0084,0.933495,0.874668,0.911113,0.866948,0.821518,0.798942,0.790166,0.840203,0.970992
Mongolia,4.24321,4.13601,3.8093,3.88876,3.7107,3.42243,3.42572,3.25464,3.39199,3.25832,3.13094,3.17904,3.27219,3.30163,3.47135,3.44829,3.4909,4.11545,4.93777,5.50396,4.59853,4.93611,5.54861,5.2065,4.89475,4.69756,3.44734,3.83753,3.80371,3.83311,4.0715,3.82673,3.60548,3.18296,2.89577,2.74843,2.60796,2.4905,2.41914,2.30537,2.22804,2.16087,2.05663,1.83478,1.71455,1.76872,1.9043,1.53733,1.95076,1.41875,1.35473
Morocco,1.59938,1.58397,1.61309,1.63913,1.56029,1.51936,1.45067,1.26952,1.30509,1.29957,1.18095,1.16843,1.14368,1.15309,1.14532,1.13195,1.12184,1.08528,1.01837,0.993946,0.95409,0.946597,0.892036,0.864879,0.829139,0.801957,0.818066,0.836644,0.821422,0.782058,0.805311,0.825129,0.691844,0.687405,0.638892,0.628262,0.643228,0.568492,0.484534,0.504283,0.458249,0.374533,0.370517,0.365405,0.378254,0.302368,0.32193,0.295827,0.23623,0.297696,0.295358
Mozambique,0.120258,0.110194,0.102781,0.107836,0.0917289,0.0867428,0.0940126,0.0965026,0.0821853,0.0841318,0.0738391,0.0667548,0.0653057,0.0665559,0.0632571,0.0695239,0.0692896,0.0723885,0.0697602,0.0739019,0.0737835,0.0777495,0.075818,0.0734792,0.0733899,0.0860472,0.116392,0.152127,0.199637,0.200174,0.264258,0.223302,0.2494,0.242,0.234647,0.271738,0.304217,0.352559,0.333947,0.374072,0.315754,0.350627,0.30737,0.211805,0.245676,0.236711,0.258117,0.20444,0.249691,0.337532,0.246472
Myanmar,0.173213,0.201633,0.176421,0.248608,0.249719,0.23143,0.249318,0.198597,0.186918,0.178422,0.2082,0.187154,0.170714,0.160701,0.157789,0.15354,0.13975,0.121282,0.112571,0.0977126,0.101506,0.107677,0.101048,0.124271,0.172773,0.174093,0.174043,0.156339,0.155047,0.15982,0.160296,0.15146,0.15673,0.161034,0.156126,0.149717,0.15628,0.140731,0.171794,0.183372,0.169946,0.121337,0.113329,0.143519,0.114152,0.113565,0.121863,0.114897,0.128405,0.11805,0.126463
Nepal,0.139872,0.132065,0.116089,0.104004,0.103856,0.128168,0.11109,0.120362,0.112431,0.146028,0.139504,0.141895,0.101533,0.128573,0.117745,0.098857,0.0846143,0.0750224,0.0698719,0.0517384,0.0350276,0.0516463,0.0575304,0.0516794,0.0426363,0.0420216,0.044623,0.0321099,0.0294568,0.0308942,0.0377283,0.0365057,0.0239995,0.0250834,0.0214617,0.0273508,0.0337779,0.0342204,0.022195,0.0167722,0.0196682,0.0353091,0.0228191,0.0195764,0.0179055,0.0172045,0.0146711,0.00984118,0.00890609,0.00830821,0.00845202
Netherlands,10.9584,10.2629,10.5709,10.4852,10.2288,10.5533,10.8651,10.7881,10.6734,10.4245,10.3836,10.3103,10.7216,10.9794,11.5312,10.741,10.7787,10.8341,10.5597,10.8882,10.9342,10.984,9.95351,10.4036,9.95698,10.2093,10.0564,9.62318,9.38483,11.5782,12.5449,13.3786,12.233,11.8559,12.3191,11.1969,11.8453,12.3255,11.8388,10.6768,10.8858,9.00065,8.92025,8.47605,8.32153,8.17405,7.98767,7.62392,7.06085,6.52036,6.39918
New Caledonia,15.6801,11.6022,13.4515,12.1477,11.6565,12.109,11.0934,12.1835,10.9601,8.77418,10.7828,9.72777,8.8008,9.05648,8.95344,8.968,9.21106,9.74794,10.0222,10.394,9.66953,10.3176,9.68927,9.31073,9.11988,9.51503,8.01006,7.94433,8.75512,9.67681,14.0013,11.6171,11.0266,15.4688,17.5538,19.0243,21.5766,20.9113,14.3124,21.3029,22.1718,15.0084,18.3745,15.1922,16.0151,13.3925,12.2397,7.05964,6.60705,10.7362,10.9082
New Zealand,7.22351,7.48983,8.02653,7.9579,8.01822,8.20527,8.50385,8.42722,8.40851,8.89322,8.52753,8.53093,7.85113,8.1907,7.70836,7.3901,7.28943,7.53171,7.11554,6.91726,7.10648,7.70034,7.73517,7.36334,7.05205,6.71491,5.97929,5.61518,5.77918,5.28886,5.60846,5.2994,5.76978,6.50616,6.18456,5.92315,6.20323,6.14696,5.57772,5.27878,5.05033,5.14713,4.90784,5.00761,5.23759,5.21226,5.06918,4.83034,4.51653,4.86317,4.86707
Nicaragua,0.780989,0.782776,0.773773,0.821146,0.80841,0.791852,0.821727,0.829542,0.769231,0.765746,0.737581,0.722288,0.692949,0.64806,0.604404,0.596547,0.557639,0.517457,0.551445,0.473395,0.615924,0.365284,0.567696,0.628927,0.596202,0.536749,0.511406,0.567201,0.615609,0.640498,0.623864,0.542282,0.858793,0.954128,0.771457,0.689353,0.718997,0.695472,0.629509,0.609114,0.585271,0.552994,0.545684,0.493795,0.451955,0.378622,0.474344,0.433942,0.349885,0.306534,0.29963
Niger,0.0888271,0.0709296,0.0622036,0.0578567,0.0589735,0.0628606,0.0758855,0.0718196,0.0688883,0.0666058,0.072407,0.100013,0.105173,0.102754,0.106926,0.100405,0.0985957,0.102899,0.0948869,0.102624,0.107353,0.138494,0.135625,0.141133,0.130817,0.148754,0.152403,0.152078,0.121287,0.114313,0.0980507,0.0846669,0.0757762,0.0683687,0.0639912,0.0658104,0.0587482,0.0688147,0.0542416,0.0509183,0.0490303,0.0444352,0.0386645,0.0325328,0.0343874,0.0238963,0.0255615,0.0242699,0.0187209,0.0160397,0.00879076
Nigeria,0.494091,0.46157,0.612541,0.646863,0.687395,0.750051,0.713586,0.702663,0.759339,0.661489,0.644398,0.373763,0.343834,0.35261,0.363612,0.32204,0.441207,0.582306,0.645019,0.461303,0.474553,0.455484,0.779383,0.671203,0.853538,0.833036,0.851423,0.751666,0.843983,0.870972,0.924785,0.981427,0.694761,0.749983,0.844407,0.745623,1.00702,0.822385,0.704174,0.561854,0.383739,0.220785,0.123668,0.244683,0.251437,0.234157,0.147963,0.111164,0.0887218,0.0891635,0.0753488
North America,17.2764,17.1126,18.3821,19.1212,18.9972,19.4878,19.5275,19.3737,19.3407,19.3842,19.9638,19.5336,19.5118,19.5014,19.2374,18.9942,19.0783,19.0719,18.907,18.7626,18.8083,19.6613,19.6117,18.9543,18.3143,18.5235,18.646,18.2509,18.2985,19.4492,20.4475,21.3665,21.467,21.0617,20.7482,20.0804,21.0785,21.9869,21.3256,20.5336,20.6271,19.3617,18.6685,18.149,17.6379,17.0221,16.5386,15.9925,15.5681,15.2215,15.5255
Norway,11.6964,9.74935,10.5545,9.57485,9.49584,9.17922,9.29146,9.33769,8.24763,9.10383,8.64132,9.19398,8.23023,7.74829,7.57281,8.0075,6.74443,7.46668,6.90557,7.51429,7.39457,8.82113,7.94642,8.39129,8.0734,8.39985,7.99458,7.28882,7.98494,8.10645,8.57508,8.17587,8.02216,7.71727,7.25722,7.40297,6.94891,7.70692,7.48224,6.96845,7.22754,5.77539,5.53919,5.10729,5.21273,4.40749,4.38233,4.08652,3.86863,3.69869,3.65856
OECD members,10.1522,9.95236,10.6622,10.9513,10.9137,11.0306,11.082,11.0105,10.9121,10.937,11.0786,10.8882,10.9315,11.0003,10.9629,10.7177,10.6665,10.6195,10.6391,10.6452,10.5736,10.8658,10.6397,10.3887,10.1368,10.2183,10.1851,10.008,10.1463,10.5862,11.0995,11.4577,11.2686,11.0837,10.9745,10.5289,10.9755,11.3503,10.9207,10.5333,10.4593,9.74283,9.29454,8.91553,8.64239,8.36769,8.1276,7.84172,7.53037,7.30911,7.27388
Pacific island small states,1.10573,0.903928,1.01257,1.082,1.15266,1.15782,1.06772,0.95459,0.927462,1.08498,0.894553,0.860902,0.788056,0.813834,0.915038,0.892417,0.861437,0.845633,0.827198,0.884679,0.979559,0.853025,0.777904,0.700509,0.792527,0.830557,0.794483,0.90745,1.00253,1.21905,1.00005,1.03136,0.898975,1.00605,0.688802,0.912296,0.954152,0.92474,0.877019,0.851417,0.782633,0.685635,0.654396,0.629495,0.57256,0.584998,0.697864,0.460405,0.453799,0.37728,0.362617
Pakistan,0.932118,0.928252,0.938136,0.969294,0.907829,0.864942,0.848212,0.78005,0.762117,0.737335,0.740095,0.714069,0.712146,0.70893,0.72605,0.666858,0.687234,0.648248,0.620591,0.597421,0.617202,0.565117,0.556624,0.528589,0.504632,0.497723,0.467642,0.455016,0.436733,0.415797,0.400928,0.365173,0.349122,0.336379,0.325011,0.340685,0.32371,0.311613,0.302709,0.379294,0.411084,0.416436,0.441153,0.395242,0.382515,0.385999,0.377653,0.377009,0.336481,0.314032,0.310813
Palau,10.5693,10.2742,10.3332,10.3897,10.0782,9.57874,9.44292,9.67939,9.36654,9.44908,6.11995,6.21591,6.3347,6.47487,6.63148,6.58806,6.54627,6.7305,7.1522,15.1695,15.5536,15.4013,12.6579,11.333,11.5397,11.7789,11.7928,12.1153,12.4482,12.7337,12.9279,10.281,9.05358,14.998,9.25407,15.8266,15.9369,14.6132,14.5405,14.1571,11.8177,11.6464,6.87194,6.61854,6.0307,6.12187,5.53875,5.29862,5.05793,5.18513,1.52189
Panama,2.61905,2.38832,2.132,2.04094,2.14982,2.03182,1.75727,1.89867,1.84708,2.24863,1.89543,1.89371,2.02785,1.96541,1.64294,1.08267,1.6062,1.48985,1.63819,1.27811,1.11332,1.03611,1.22914,1.37217,1.20638,1.17741,1.31985,1.63693,1.57835,1.63912,1.56994,1.64442,1.49985,1.87364,2.00609,2.08891,1.77001,1.95183,1.73475,1.65845,1.44451,1.38518,1.40283,1.21351,1.21985,1.15909,0.970726,0.952999,0.988109,0.942988,0.877945
Papua New Guinea,0.457109,0.49715,0.530664,0.766344,0.735655,0.756745,0.753317,0.683696,0.62064,0.585368,0.499684,0.470187,0.556029,0.51418,0.446916,0.432333,0.474756,0.445254,0.470011,0.484425,0.51505,0.50159,0.555562,0.604297,0.547387,0.578288,0.570969,0.575891,0.573408,0.584867,0.569069,0.574044,0.549851,0.532574,0.544621,0.545542,0.581433,0.50735,0.492522,0.329625,0.284654,0.235033,0.217197,0.193181,0.154423,0.140836,0.126458,0.123669,0.0972028,0.10079,0.0913508
Paraguay,0.785657,0.711749,0.698,0.675295,0.662706,0.649035,0.705761,0.716318,0.699652,0.69974,0.6895,0.859313,0.877669,0.835455,0.763756,0.825524,0.745641,0.644332,0.586433,0.51216,0.532394,0.566091,0.559715,0.50425,0.458971,0.433682,0.429177,0.41686,0.414283,0.438888,0.479174,0.439643,0.49159,0.40143,0.367165,0.299349,0.348326,0.325254,0.274088,0.2491,0.29959,0.21495,0.250153,0.212225,0.229475,0.252548,0.204049,0.198907,0.195148,0.185406,0.159599
Peru,1.96766,1.63666,1.44204,1.52526,1.25091,1.33951,1.16391,0.974405,1.01711,1.03006,1.16526,1.14628,1.10315,1.10558,0.9999,0.997657,0.988052,1.02058,0.900171,0.91917,0.972329,1.02415,1.20273,1.26237,1.09386,0.999329,1.08447,1.09709,1.30033,1.35667,1.39201,1.31875,1.36526,1.45735,1.43989,1.44849,1.448,1.37705,1.30243,1.37177,1.3479,1.19264,1.16233,1.12543,1.12362,1.04337,1.10069,0.945332,0.948039,0.845857,0.82301
Philippines,0.873148,0.813883,0.840351,0.783898,0.774814,0.871958,0.879317,0.865958,0.881218,0.896013,0.944047,0.909779,0.930735,0.977703,0.873263,0.8722,0.805276,0.743907,0.750083,0.692078,0.674162,0.647927,0.64093,0.570108,0.523326,0.516317,0.586192,0.688312,0.699008,0.71155,0.780617,0.826985,0.835272,0.841991,0.827316,0.787632,0.760416,0.80825,0.697217,0.748593,0.692125,0.657131,0.658384,0.555419,0.505972,0.452308,0.428483,0.395823,0.368528,0.321161,0.317265
Poland,8.30863,7.83158,8.29163,8.27997,8.38998,7.95479,7.9877,7.97957,7.76691,7.9169,7.88558,8.20308,8.45591,9.08285,9.29007,8.98598,8.7218,9.16554,9.31306,9.45432,9.62387,11.1636,11.7907,12.3541,12.104,11.9859,11.7573,11.5482,11.6535,11.4228,13.0594,12.5539,12.3566,12.0794,11.6146,11.0409,10.2995,10.0766,9.98174,9.55499,9.32032,9.02208,8.54859,8.10583,7.9757,7.86205,7.80729,7.52862,7.15361,6.9228,6.74036
Portugal,4.95229,5.43236,5.52715,5.77303,5.61744,6.21796,6.02594,5.85875,6.4129,6.0663,6.11921,6.33105,5.71406,5.266,5.04106,5.17892,4.76087,4.69789,4.84254,4.41097,4.22671,4.11892,3.28616,3.14418,3.04209,2.73426,2.90756,3.03071,2.95157,2.76383,2.76312,2.59086,2.37938,2.40364,2.39677,2.34857,2.36623,2.31707,2.12616,1.89804,1.75779,1.66859,1.47234,1.39829,1.32704,1.28895,1.21998,1.11021,1.03438,1.01805,0.928578
Qatar,40.3101,42.2738,50.0305,58.3464,58.6355,63.1799,61.6238,54.763,45.2272,49.6279,58.4985,54.894,58.8727,68.5349,62.1022,61.5076,61.0443,62.4439,54.7422,36.4335,24.71,30.9385,26.7943,27.1668,33.3846,33.4356,36.1382,36.4381,44.5603,51.8394,58.5404,69.9511,54.8354,54.4208,59.7571,66.667,68.2743,87.7236,82.7107,76.7469,69.2203,71.2209,76.0937,77.6193,78.7237,85.5504,92.9558,99.5598,3.3932,3.14133,3.72001
Romania,3.88925,3.94292,4.60833,4.83455,4.84083,4.48767,4.44722,4.44694,4.24168,4.3228,4.00947,3.98895,4.54217,5.07436,5.60109,5.60308,5.07761,5.30237,5.40761,5.9793,6.84695,9.24561,9.22807,9.2449,8.84311,8.54054,8.3542,8.87887,8.69511,8.84016,8.83965,8.87597,8.83329,8.19998,8.10916,7.62001,7.17779,6.9573,6.41025,6.14955,5.93137,5.57991,5.06013,4.71632,4.38102,4.13645,3.81176,3.69883,3.42029,3.00589,2.90381
Rwanda,0.0548186,0.0546759,0.0530879,0.0561418,0.054658,0.0559998,0.074494,0.074737,0.0767059,0.0786981,0.0816774,0.0854527,0.0895057,0.100875,0.106369,0.108123,0.108183,0.105786,0.0974864,0.0904437,0.0945379,0.095434,0.0988861,0.0913911,0.0933065,0.100785,0.108004,0.122947,0.110973,0.113178,0.0962975,0.0597808,0.060298,0.0575915,0.05949,0.0403784,0.0173513,0.016984,0.0165692,0.0161152,0.0156269,0.0161161,0.0155943,0.0118003,0.0132579,0.0147454,0.0115981,0.0271808,0.0276474,0.0465093,0.0362522
Samoa,0.867327,0.873549,0.879549,0.88536,0.870815,0.876356,0.861405,0.846182,0.80985,0.814578,0.798023,0.801954,0.763168,0.76666,0.770756,0.77582,0.716949,0.767586,0.77518,0.759893,0.76553,0.746977,0.704214,0.706007,0.707867,0.710348,0.713688,0.717735,0.722213,0.656349,0.636493,0.616052,0.690494,0.526441,0.312822,0.387573,0.219699,0.246291,0.248909,0.252137,0.204896,0.208767,0.213348,0.191283,0.196416,0.230869,0.208092,0.184019,0.158352,0.163529,0.135009
Sao Tome and Principe,0.555519,0.529179,0.501275,0.516194,0.531095,0.498056,0.486204,0.447635,0.406184,0.362089,0.341904,0.346961,0.351426,0.355677,0.360262,0.365637,0.372037,0.379462,0.387793,0.396749,0.406074,0.415807,0.426037,0.470081,0.481216,0.527014,0.501715,0.547232,0.48249,0.453692,0.42481,0.356319,0.366464,0.335625,0.345642,0.221955,0.227259,0.185582,0.14187,0.144765,0.197546,0.203045,0.209423,0.16208,0.166538,0.169776,0.171331,0.114271,0.170746,0.170429,0.171208
Saudi Arabia,17.0399,16.0853,15.8626,15.1852,17.0558,16.1053,16.6043,14.3212,14.9555,14.2265,14.7402,11.5419,10.7702,11.3447,13.728,12.7242,16.9818,17.6718,16.5397,15.9958,13.4485,13.0059,13.4073,13.1264,14.7201,13.0071,12.3654,13.5507,14.1499,16.7378,17.2102,14.9227,13.1995,14.3477,13.035,11.2954,14.116,14.2976,11.0915,9.87021,7.80482,6.33659,5.42791,4.93274,1.28461,0.875213,1.51314,1.54395,1.43955,0.849791,0.657377
Sierra Leone,0.119854,0.115707,0.119977,0.117132,0.138878,0.106718,0.130216,0.138502,0.135481,0.132316,0.102753,0.072786,0.0768226,0.0840132,0.081391,0.0728338,0.0723834,0.0542043,0.0536626,0.115802,0.0961496,0.0936721,0.117277,0.131207,0.182928,0.185171,0.17641,0.202267,0.166234,0.212865,0.191408,0.218534,0.234788,0.17358,0.156192,0.185899,0.188883,0.19996,0.257176,0.310883,0.344704,0.445836,0.157846,0.105533,0.127509,0.121661,0.133181,0.164493,0.147044,0.132338,0.331032
Singapore,2.66319,4.9657,4.05769,3.89348,6.99758,7.11686,6.83377,7.56606,11.3101,11.9722,12.1666,12.6479,14.5888,18.2403,15.0668,13.3664,19.119,16.4863,15.5592,15.1272,15.4052,14.2919,12.6859,11.7485,12.8145,12.214,12.2256,13.0535,11.2414,10.6008,13.0219,15.1557,14.0909,12.1744,13.0975,10.8474,9.85245,9.67667,10.3328,7.85327,8.77817,3.52786,2.69375,1.54646,0.348805,1.34095,2.01112,1.89377,1.47292,1.22994,0.846368
Small states,3.54458,3.34177,3.40949,3.63093,3.04312,2.8586,2.96753,2.83841,2.79936,2.72101,2.52288,2.4337,2.28304,2.38139,2.45491,2.45554,2.31641,2.17812,2.33385,2.2892,2.22094,2.15176,1.94492,2.07233,2.07357,2.40737,2.23827,2.23753,2.53933,2.65993,3.09584,3.08486,3.12476,3.18251,2.89699,2.69467,2.59904,2.71514,2.21374,2.19695,1.87102,1.38039,1.38243,1.31034,1.0828,1.09428,1.00552,0.585907,1.10275,0.854488,0.601404
Solomon Islands,0.383106,0.384528,0.393251,0.402355,0.373759,0.38287,0.392469,0.402574,0.396314,0.406936,0.400195,0.411178,0.413191,0.424755,0.436738,0.449142,0.440985,0.464464,0.488957,0.503012,0.517391,0.532049,0.534581,0.562447,0.552326,0.555177,0.544357,0.561712,0.490913,0.568913,0.445229,0.493529,0.289474,0.387964,0.310698,0.303298,0.354227,0.368021,0.318687,0.286805,0.251647,0.23677,0.244587,0.227053,0.182015,0.187574,0.138078,0.113826,0.11728,0.120821,0.0933324
South Africa,9.04053,10.0341,9.3828,9.07066,8.80145,8.31487,9.08416,8.20549,7.58996,8.07716,8.37751,8.64409,8.88357,9.07314,8.96594,9.03524,9.37564,9.14103,8.85379,9.63839,9.47482,9.8899,10.1711,9.99072,10.3002,10.3557,10.3572,9.83147,9.69042,9.10888,8.28453,8.12556,7.66826,7.74835,7.64265,7.48956,7.30616,7.33573,7.42556,7.45799,6.78064,6.62952,6.52767,6.46565,6.33275,6.46736,6.17094,5.79984,5.72971,5.69438,5.62972
South Asia,1.4019,1.3982,1.30084,1.19083,1.12782,1.06893,1.04072,0.997764,0.972196,0.967381,0.966619,0.945026,0.903868,0.898294,0.881411,0.823369,0.791922,0.758897,0.744993,0.715615,0.689039,0.670547,0.631126,0.597962,0.572347,0.547841,0.510548,0.504059,0.476409,0.457637,0.435659,0.422878,0.413137,0.41779,0.36187,0.356095,0.335957,0.332334,0.327795,0.324393,0.318689,0.319396,0.32152,0.300909,0.30445,0.301508,0.280935,0.292159,0.276379,0.256433,0.24335
Spain,5.78988,6.21697,7.16553,7.92089,7.8842,8.09706,7.90805,7.61117,7.59128,7.30764,7.31274,7.07265,6.585,6.37072,5.91271,6.13736,5.94373,5.59865,5.99106,5.80029,5.63352,5.84334,5.14089,4.94109,4.94264,5.2379,5.19751,5.37395,5.53218,5.49245,5.74276,5.47687,5.43747,5.37981,5.5216,5.11233,4.92548,4.46238,4.20333,3.76356,3.45797,2.8971,2.9341,2.64723,2.40774,2.22561,2.03773,1.87951,1.93578,1.74622,1.60659
Sri Lanka,0.615398,0.627425,0.588222,0.621628,0.5911,0.592686,0.615664,0.555989,0.581805,0.545066,0.531947,0.447984,0.413279,0.404263,0.379179,0.31967,0.302321,0.277841,0.290187,0.235306,0.221766,0.201821,0.203464,0.241884,0.219879,0.243278,0.241129,0.311589,0.290541,0.267733,0.225287,0.25896,0.237231,0.203576,0.198093,0.209489,0.21504,0.274234,0.267733,0.250535,0.287464,0.352573,0.270316,0.251924,0.232734,0.238138,0.208524,0.239454,0.24545,0.229728,0.228261
St. Kitts and Nevis,4.76307,5.0329,4.87881,4.93989,4.71043,4.776,4.69536,4.61461,4.21907,3.96741,2.25444,2.28484,2.31299,2.33966,2.3663,2.22305,2.07747,2.01599,1.77321,1.78839,1.61649,1.61566,1.60814,1.33013,1.4071,1.22184,1.21384,1.20685,1.5436,1.27984,1.18824,0.843959,0.755148,0.834433,0.830728,0.745359,0.827261,0.662003,0.661794,0.659384,0.571922,0.563733,0.711287,0.464344,0.45501,0.447095,0.367185,0.362832,0.2878,0.429769,0.214876
St. Lucia,2.27383,2.19769,2.29275,2.26293,2.18719,2.21696,2.17606,2.22152,2.03701,2.28826,2.10278,2.05728,2.01239,2.06429,2.21553,2.1198,1.81757,1.58333,1.44681,1.22967,1.1942,1.21376,1.23577,1.11942,1.02637,1.01526,0.913303,0.836546,0.938316,0.797221,0.963495,1.29284,0.864322,0.617526,0.758387,0.70153,0.675733,0.750728,0.723356,0.661103,0.633686,0.606723,0.36242,0.331602,0.299723,0.266544,0.232057,0.235575,0.199107,0.201676,0.163157
St. Vincent and the Grenadines,1.91206,1.8461,1.84764,1.84956,1.85188,1.82087,1.79023,1.79368,1.72924,1.6639,1.4614,1.56362,1.52901,1.25628,1.25538,1.22095,1.11914,0.949851,0.780928,0.714278,0.750393,0.719147,0.619583,0.727222,0.627451,0.631775,0.636251,0.391678,0.394679,0.361716,0.364854,0.294571,0.371778,0.337976,0.341508,0.345169,0.348972,0.431338,0.396582,0.320822,0.324309,0.327711,0.248288,0.208979,0.211087,0.170614,0.215513,0.174273,0.132214,0.133923,0.135902
Sub-Saharan Africa (all income levels),0.819275,0.868566,0.864983,0.863379,0.853459,0.835318,0.884408,0.814394,0.798449,0.812263,0.830902,0.801806,0.810977,0.838385,0.843658,0.840482,0.87676,0.892383,0.886052,0.904406,0.911701,0.966614,1.0444,1.00921,1.05448,1.0707,1.07458,1.03016,1.04314,1.01689,0.979671,0.973594,0.887862,0.89785,0.915436,0.894469,0.946498,0.915956,0.885135,0.861846,0.768519,0.715098,0.677632,0.677024,0.667591,0.670571,0.619039,0.577751,0.564467,0.558499,0.546803
Sub-Saharan Africa (developing only),0.814516,0.86377,0.860178,0.858055,0.84802,0.829752,0.878025,0.806646,0.791953,0.808358,0.830878,0.801708,0.811349,0.838564,0.844121,0.840908,0.877373,0.892881,0.886323,0.904704,0.912149,0.967102,1.04496,1.00975,1.05509,1.07133,1.07515,1.0307,1.04362,1.01734,0.980099,0.974006,0.888213,0.898251,0.915881,0.894937,0.947085,0.916641,0.885656,0.862461,0.769174,0.715691,0.678245,0.677649,0.668204,0.671172,0.619601,0.578272,0.564995,0.559025,0.547321
Sudan,0.310859,0.316755,0.291688,0.298919,0.282122,0.270223,0.295579,0.242416,0.223206,0.180139,0.160938,0.152282,0.144306,0.171064,0.138475,0.153587,0.152757,0.103042,0.173829,0.202976,0.215697,0.149926,0.198509,0.140806,0.183311,0.180714,0.160275,0.184567,0.186959,0.184041,0.196008,0.193233,0.192451,0.220172,0.224466,0.261773,0.36239,0.357019,0.364911,0.348435,0.349795,0.310546,0.237413,0.250772,0.214127,0.202255,0.159284,0.147903,0.13438,0.12881,0.129784
Suriname,4.54044,4.74437,4.73876,4.78461,4.8343,4.76431,4.64512,4.60195,4.68974,4.78797,4.55754,4.67722,4.76632,4.78264,4.8231,5.00685,5.03184,5.08146,5.04464,5.08906,4.45344,4.63585,4.7715,4.54996,4.62118,4.2524,4.17654,3.72003,5.0934,5.54095,6.48918,6.29573,6.58401,5.23124,5.50134,5.54475,4.37012,5.70215,4.68445,4.59129,4.32384,4.1379,4.02757,3.79781,3.20834,2.39453,1.87076,1.68861,1.61456,1.43775,1.49139
Sweden,5.59974,4.70437,5.32611,5.25352,5.459,5.71031,6.06224,6.11519,6.43423,5.74744,5.61244,5.76967,5.98546,5.86069,6.52644,5.74876,6.21124,5.96827,6.37151,6.17665,5.97382,6.53871,6.80894,7.11104,7.41214,7.47199,6.87733,6.99937,7.48221,8.34456,8.63477,10.2401,9.61061,10.3986,10.7402,9.86573,9.7904,10.7378,10.4381,10.4454,11.4859,10.8518,9.81834,8.77002,9.29736,8.09799,7.88792,7.2816,6.78786,6.49625,6.57641
Switzerland,4.95297,5.37182,5.28161,5.03494,5.59561,5.56328,5.46604,5.47826,5.58953,5.94238,5.43548,5.6971,5.88319,5.84948,5.64632,5.57236,5.90806,5.87501,6.2637,6.17622,6.38276,5.93778,6.17453,6.15004,6.50282,6.15534,6.08125,6.24252,5.73117,6.11564,6.41495,6.34085,6.72078,6.54099,6.42343,6.16814,6.54131,7.33476,6.86374,6.75043,6.51957,6.20829,5.9377,5.43399,5.327,5.18573,4.86528,5.11065,4.33291,3.75182,3.66437
Syrian Arab Republic,2.87278,2.95326,3.32743,2.93582,2.84976,2.78708,2.89153,3.13821,2.29885,2.92113,3.11818,3.27458,3.22501,2.70084,3.00073,3.06848,3.48014,3.47402,3.36949,3.36968,3.00775,2.85938,3.14968,3.18489,2.84494,2.77966,3.2085,2.80706,2.54726,2.87122,2.32275,2.60618,1.82005,1.81306,1.75882,1.47863,1.32202,1.11725,1.13735,1.34636,1.04397,1.17438,0.999882,0.799209,0.881376,0.681322,0.835933,0.71414,0.654417,0.6464,0.701818
Tanzania,0.15223,0.147723,0.154373,0.149553,0.149187,0.144699,0.115258,0.103544,0.100261,0.0896379,0.0779307,0.0764716,0.0789386,0.0912511,0.112463,0.118664,0.0841456,0.0936381,0.0867065,0.0924498,0.0930966,0.0894253,0.0956082,0.102973,0.102062,0.107913,0.111826,0.108049,0.108915,0.110111,0.100865,0.114391,0.125532,0.118303,0.169211,0.142979,0.149049,0.212682,0.149411,0.175457,0.129919,0.13627,0.129337,0.141887,0.113925,0.0994994,0.0912017,0.0729702,0.071736,0.0678728,0.0822614
Thailand,4.44686,4.17318,3.95614,3.96818,3.96472,3.90743,3.87701,3.60062,3.38531,3.20494,3.02126,2.9666,2.80882,3.20722,3.139,2.84121,2.48704,2.25136,1.99767,1.84029,1.69369,1.41299,1.2192,1.05467,0.937726,0.935357,0.899696,0.846186,0.769701,0.787441,0.846901,0.791759,0.772205,0.724178,0.66337,0.576567,0.587678,0.60891,0.559094,0.507072,0.416928,0.406515,0.491559,0.36025,0.289137,0.234199,0.242321,0.185975,0.173263,0.147095,0.135759
Togo,0.244234,0.244687,0.24314,0.225621,0.214763,0.241589,0.25883,0.278217,0.240474,0.23285,0.278902,0.324084,0.252365,0.218996,0.241284,0.222528,0.19907,0.211985,0.209787,0.216942,0.204281,0.2269,0.221261,0.220697,0.210413,0.16909,0.193842,0.180544,0.251587,0.222989,0.264158,0.523093,0.138056,0.183454,0.13094,0.12931,0.160272,0.175124,0.177837,0.144287,0.130003,0.118935,0.0998833,0.106723,0.101285,0.0772618,0.0794262,0.0651706,0.0545699,0.0573855,0.0417624
Tonga,1.51474,1.66429,1.56729,1.50568,1.73215,1.56182,1.71801,1.76562,1.48038,1.45185,1.23529,1.31694,1.13423,1.1771,1.14334,1.1468,1.11107,1.07447,0.9221,0.96175,0.809195,0.733771,0.735824,0.582662,0.506336,0.507392,0.508014,0.508361,0.469717,0.510118,0.433699,0.437021,0.401375,0.324887,0.328665,0.373561,0.251139,0.295097,0.254803,0.214394,0.304243,0.132736,0.180872,0.185558,0.143266,0.147936,0.153309,0.159435,0.16604,0.172592,0.178588
Trinidad and Tobago,38.1611,36.4283,32.3149,35.4652,24.6665,22.0371,24.0189,21.573,21.0453,19.6673,19.333,18.0395,15.3007,15.2535,17.3097,16.7075,15.8785,13.5169,16.9588,17.114,13.8799,13.3008,13.1689,14.6589,14.6828,17.7253,15.1731,14.318,16.4434,15.655,15.6065,15.6427,14.5412,15.5567,15.5274,9.51293,10.081,9.56501,8.5094,8.47383,9.51253,4.16418,4.33836,5.0099,4.40884,5.6949,4.20177,1.46668,8.22557,5.31814,3.04258
Tunisia,2.4531,2.37626,2.42161,2.33431,2.28357,2.27355,2.25985,2.17453,2.14841,2.152,2.08321,1.93861,1.92872,1.83887,1.84373,1.75664,1.80825,1.90606,1.7696,1.86211,1.627,1.66286,1.58625,1.52888,1.61017,1.64451,1.63966,1.63724,1.41575,1.49809,1.48656,1.41118,1.23839,1.14748,1.01855,0.988803,0.982544,0.896214,0.894876,0.808997,0.730253,0.766751,0.729218,0.638871,0.609953,0.53223,0.608626,0.438885,0.412987,0.41322,0.409211
Turkey,4.13103,3.90007,4.05429,4.09601,3.81152,3.50395,3.37205,3.31385,3.1632,3.0349,3.42144,3.16124,3.27211,3.28838,3.16605,2.93856,2.72237,2.80593,2.74306,2.70641,2.70129,2.62536,2.42318,2.53882,2.32893,2.17001,1.99004,1.92345,1.89114,1.77749,1.7256,1.76119,1.84149,1.98859,1.83841,1.67658,1.59738,1.59194,1.47654,1.34052,1.22627,1.14244,1.09393,1.03314,0.994607,0.883506,0.86939,0.765934,0.748241,0.615079,0.610473
Uganda,0.111346,0.10243,0.0994674,0.101792,0.0893566,0.0795318,0.066692,0.0636707,0.0643124,0.0646051,0.0631417,0.0599005,0.0592375,0.0519717,0.0520732,0.0479133,0.0379827,0.0428404,0.0446947,0.0456454,0.0457987,0.0474555,0.0530263,0.0489363,0.0463788,0.0422688,0.0411133,0.0448428,0.0410062,0.0408367,0.0499656,0.0554032,0.0592646,0.0703309,0.08888,0.104654,0.113486,0.115124,0.138406,0.148259,0.152953,0.128466,0.110759,0.0944459,0.0884387,0.0782415,0.0634349,0.0577911,0.0592583,0.0580931,0.0621231
United Arab Emirates,19.8538,21.067,23.3775,24.0463,25.4069,27.9951,30.9514,31.7108,26.2732,32.379,37.194,27.0851,29.597,15.9625,16.6178,30.1074,32.7624,31.106,28.8809,29.8799,28.79,31.9187,30.0576,31.4847,33.1026,37.0587,36.3226,29.0794,31.9024,33.7933,36.3656,39.5283,54.1766,53.6,63.5998,58.3218,69.1781,80.0589,72.7397,77.8229,65.8552,102.031,6.87707,5.47771,0.163611,0.150347,0.13641,0.180976,0.168561,0.112569,0.122768
United Kingdom,7.86257,7.62903,8.4532,8.625,8.90829,8.9731,9.00864,9.06391,8.95965,9.31251,9.23143,9.12625,9.32325,9.3553,9.8228,9.57734,9.59529,9.67763,10.0392,10.1759,9.97511,10.1919,10.0207,10.0677,10.0346,9.90014,9.3817,9.6878,9.74046,9.9553,10.2868,11.4654,10.7673,10.7619,10.6545,10.7361,10.9836,11.7455,11.5624,11.823,11.7324,11.3427,10.9935,10.7841,11.319,11.4562,11.2658,11.2549,11.1429,11.1541,11.1508
United States,17.5642,17.3153,18.6023,19.3496,19.2292,19.716,19.7768,19.5847,19.6469,19.6562,20.2492,19.824,19.7789,19.8764,19.622,19.3639,19.4643,19.3513,19.1888,19.0793,19.1014,20.0596,19.9946,19.3341,18.7029,18.8567,18.9561,18.5418,18.564,19.7493,20.7775,21.7741,21.9651,21.5325,21.1576,20.4022,21.5029,22.5106,21.7486,20.9802,21.1113,19.8579,19.0894,18.5983,18.1211,17.4517,16.9681,16.4828,16.0139,15.6813,15.9998
Upper middle income,5.4039,5.12731,4.90041,4.75347,4.54892,4.24874,4.00638,3.61177,3.20069,3.12255,3.06905,3.04574,3.05509,3.12032,3.13657,3.07843,2.95717,2.87305,2.78745,2.75976,2.71184,2.78544,2.74906,2.66231,2.56542,2.50763,2.40995,2.32802,2.28617,2.18542,2.23181,2.27076,2.23461,2.08634,1.99316,1.90885,1.79827,1.7801,1.70171,1.6525,1.55135,1.36373,1.24336,1.17003,1.22938,1.16439,1.11119,1.07719,1.07779,1.17044,1.3924
Uruguay,1.97053,2.34832,2.48781,1.79704,1.99635,1.73692,1.68797,1.38281,1.38856,1.52995,1.59783,2.03249,1.72785,1.69865,1.67565,1.42386,1.27035,1.40547,1.639,1.45418,1.28406,1.58006,1.56639,1.16743,1.04891,1.09453,1.15304,1.28382,1.64965,1.83164,2.00219,2.16777,1.99669,1.97774,2.07507,2.10922,2.01249,2.04639,2.15343,2.06089,2.04362,2.00193,1.76019,1.77599,1.98496,2.04938,1.70999,1.63918,1.54057,1.60263,1.7015
Venezuela RB,6.94644,6.48431,6.6433,6.35614,6.3192,6.79604,6.40743,7.44666,7.62867,6.93695,6.24459,7.20888,7.12531,5.81936,5.44193,6.03096,6.00869,5.87683,5.11673,5.70957,6.18833,5.65302,6.18657,6.07254,6.15567,5.84658,5.52643,5.66786,5.84138,5.91454,6.01482,5.23431,4.85436,4.66254,4.34554,5.00921,6.1073,5.59699,5.45165,5.6398,6.95252,6.65136,6.53725,6.77116,6.06268,6.68311,6.4427,6.62981,6.62071,6.59605,7.52868
Vietnam,1.72812,1.6281,1.4939,1.34944,1.22977,1.18871,1.11188,0.978858,0.890209,0.777653,0.69102,0.622651,0.62968,0.606948,0.473884,0.404057,0.370353,0.330346,0.31377,0.319024,0.324281,0.270323,0.366451,0.420562,0.383261,0.359549,0.304206,0.340972,0.330107,0.323933,0.313231,0.309687,0.299785,0.303742,0.283242,0.45389,0.406732,0.547669,0.515173,0.560973,0.659955,0.444538,0.372749,0.378991,0.266158,0.12816,0.108622,0.056544,0.049742,0.0514423,0.0445406
World,4.88346,4.71058,4.78944,4.72658,4.67311,4.57261,4.46444,4.29268,4.09957,4.11023,4.06543,4.02435,4.0989,4.12057,4.10605,4.07201,4.0464,4.03737,4.10193,4.20231,4.20986,4.26306,4.24471,4.16938,4.13973,4.08824,4.0387,3.9646,4.05144,4.1558,4.36325,4.48581,4.3244,4.34868,4.28263,4.11834,4.22166,4.29632,4.15536,4.07115,4.01126,3.81999,3.67993,3.57364,3.53493,3.43612,3.35727,3.24094,3.13657,3.0656,3.09467
Yemen Rep.,0.959963,1.03727,1.02321,1.02503,1.00648,0.995241,0.962712,0.906886,0.849786,0.901395,0.835419,0.815605,0.736533,0.96188,0.958729,0.749115,0.789603,0.687087,1.10283,0.816334,0.813939,0.886944,0.887964,0.834147,0.824594,0.897058,0.773197,0.710286,0.695087,0.514749,0.41971,0.423356,0.423185,0.420573,0.373822,0.32514,0.344729,0.427201,0.237852,0.318514,0.412017,0.780512,1.97725,0.528164,0.610377,0.705248,0.664014,0.543266,0.736723,0.51421,0.712578
